Product Name,Price,Color,Product Link,Image Link
High-waisted tailored trousers,"Rs.1,499.00",Black,https://www2.hm.com/en_in/productpage.1091186001.html,"https://lp2.hm.com/hmgoepprod?set=source[/13/ce/13ce8a4021d37843037e003aa124e28311dda054.jpg],origin[dam],category[],type[LOOKBOOK],res[m],hmver[1]&call=url[file:/product/style]"
Linen-blend blouse,"Rs.1,299.00",Cream/Floral,https://www2.hm.com/en_in/productpage.1215654007.html,"https://lp2.hm.com/hmgoepprod?set=source[/a7/0c/a70c7256ea3fdd363ab065cfadc6245009737d9c.jpg],origin[dam],category[],type[LOOKBOOK],res[m],hmver[1]&call=url[file:/product/style]"
Buckle-detail tailored trousers,"Rs.1,499.00",Beige,https://www2.hm.com/en_in/productpage.1224090002.html,"https://lp2.hm.com/hmgoepprod?set=source[/ca/0a/ca0a21f14345abebb76a43354a77949b387122d8.jpg],origin[dam],category[],type[LOOKBOOK],res[m],hmver[1]&call=url[file:/product/style]"
Wide joggers,"Rs.1,299.00",Dark grey,https://www2.hm.com/en_in/productpage.1199249010.html,"https://lp2.hm.com/hmgoepprod?set=source[/1b/33/1b333efa80163904942c949a64362e3319596b3b.jpg],origin[dam],category[],type[LOOKBOOK],res[m],hmver[1]&call=url[file:/product/style]"
Straight High Jeans,"Rs.1,499.00",Black,https://www2.hm.com/en_in/productpage.1209534003.html,"https://lp2.hm.com/hmgoepprod?set=source[/9b/75/9b7582d1f714e08f33125b4cecafd2f8f898f168.jpg],origin[dam],category[],type[LOOKBOOK],res[m],hmver[1]&call=url[file:/product/style]"
Wide High Jeans,"Rs.2,299.00",Denim blue,https://www2.hm.com/en_in/productpage.1045459026.html,"https://lp2.hm.com/hmgoepprod?set=source[/2b/f5/2bf50b4c08943f001055f4f7038485b0fdd113ce.jpg],origin[dam],category[],type[LOOKBOOK],res[m],hmver[1]&call=url[file:/product/style]"
Cropped ribbed T-shirt,Rs.399.00,Light greige,https://www2.hm.com/en_in/productpage.1212806004.html,"https://lp2.hm.com/hmgoepprod?set=source[/65/b9/65b9ecb3183dc7f7679119de5288fcb13df4b612.jpg],origin[dam],category[],type[LOOKBOOK],res[m],hmver[1]&call=url[file:/product/style]"
Cropped ribbed T-shirt,Rs.399.00,Black,https://www2.hm.com/en_in/productpage.1212806001.html,"https://lp2.hm.com/hmgoepprod?set=source[/73/fc/73fc29cbc870f2a98d92fdd9ee0c5a5e5954f00e.jpg],origin[dam],category[],type[LOOKBOOK],res[m],hmver[1]&call=url[file:/product/style]"
Cropped vest top,Rs.799.00,Pink,https://www2.hm.com/en_in/productpage.1230289001.html,"https://lp2.hm.com/hmgoepprod?set=source[/5d/3e/5d3ed6625c1471bfb8d20c542203ef907c32ee92.jpg],origin[dam],category[],type[LOOKBOOK],res[m],hmver[1]&call=url[file:/product/style]"
Feather Soft Straight Regular Jeans,"Rs.1,999.00",Light denim blue,https://www2.hm.com/en_in/productpage.1212909004.html,"https://lp2.hm.com/hmgoepprod?set=source[/d0/5f/d05fdaec2ec6e46c3af123ffbfe2bd85540a5974.jpg],origin[dam],category[],type[LOOKBOOK],res[m],hmver[1]&call=url[file:/product/style]"
Twill cargo trousers,"Rs.1,999.00",Light beige,https://www2.hm.com/en_in/productpage.1214176001.html,"https://lp2.hm.com/hmgoepprod?set=source[/be/a9/bea991c01acb283856cc840f75f2041a227a8381.jpg],origin[dam],category[],type[DESCRIPTIVESTILLLIFE],res[m],hmver[2]&call=url[file:/product/style]"
Skinny High Jeans,"Rs.1,499.00",Denim blue,https://www2.hm.com/en_in/productpage.1025457003.html,"https://lp2.hm.com/hmgoepprod?set=source[/44/38/44381487b60d8393a3b4ebbe8b325270ec87586b.jpg],origin[dam],category[],type[LOOKBOOK],res[m],hmver[1]&call=url[file:/product/style]"
Cropped ribbed T-shirt,Rs.399.00,Dark grey,https://www2.hm.com/en_in/productpage.1212806003.html,"https://lp2.hm.com/hmgoepprod?set=source[/e6/11/e6112d2ec5349341cfeb1d8e0d19a1ade40447a8.jpg],origin[dam],category[],type[LOOKBOOK],res[m],hmver[1]&call=url[file:/product/style]"
Linen-blend blouse,"Rs.1,299.00",Light blue,https://www2.hm.com/en_in/productpage.1215654008.html,"https://lp2.hm.com/hmgoepprod?set=source[/6b/9e/6b9e9310d34ebf153879d6bedde05e2c2086fa23.jpg],origin[dam],category[],type[LOOKBOOK],res[m],hmver[1]&call=url[file:/product/style]"
2-pack cropped T-shirts,Rs.799.00,Black/White,https://www2.hm.com/en_in/productpage.1141812001.html,"https://lp2.hm.com/hmgoepprod?set=source[/5d/e8/5de8e7fe9e628b074ae98a23639ecc5218d852cd.jpg],origin[dam],category[],type[LOOKBOOK],res[m],hmver[1]&call=url[file:/product/style]"
Linen-blend off-the-shoulder dress,"Rs.3,999.00",Black/Floral,https://www2.hm.com/en_in/productpage.1224288001.html,"https://lp2.hm.com/hmgoepprod?set=source[/88/e6/88e67d1d52f3d68e757223eae4a8106d9b9bce16.jpg],origin[dam],category[],type[LOOKBOOK],res[m],hmver[1]&call=url[file:/product/style]"
Cropped vest top,Rs.799.00,Cream/Black striped,https://www2.hm.com/en_in/productpage.1049251010.html,"https://lp2.hm.com/hmgoepprod?set=source[/1b/1f/1b1f0a6977e1f30e5350c1cc2bba87ebf9e32eb4.jpg],origin[dam],category[],type[LOOKBOOK],res[m],hmver[1]&call=url[file:/product/style]"
Cropped strappy top,Rs.399.00,White,https://www2.hm.com/en_in/productpage.1201715001.html,"https://lp2.hm.com/hmgoepprod?set=source[/d0/8c/d08cdf69f5b56bf60d7e029f3e3e15af7a556d7e.jpg],origin[dam],category[ladies_basics_tops_vests],type[DESCRIPTIVESTILLLIFE],res[m],hmver[2]&call=url[file:/product/style]"
Cotton T-shirt,Rs.799.00,Cream/Provence,https://www2.hm.com/en_in/productpage.0979329087.html,"https://lp2.hm.com/hmgoepprod?set=source[/be/8d/be8d4ae24e016f18191ab9a88f8b73a83d98c855.jpg],origin[dam],category[],type[LOOKBOOK],res[m],hmver[1]&call=url[file:/product/style]"
Fitted T-shirt,Rs.499.00,Dusty pink,https://www2.hm.com/en_in/productpage.1210630010.html,"https://lp2.hm.com/hmgoepprod?set=source[/de/21/de2172e37075c53ef74bb9c146dc16a19843ecf5.jpg],origin[dam],category[ladies_basics_tops_shortsleeve],type[DESCRIPTIVESTILLLIFE],res[m],hmver[2]&call=url[file:/product/style]"
Square-neck top,Rs.799.00,Yellow,https://www2.hm.com/en_in/productpage.1183662016.html,"https://lp2.hm.com/hmgoepprod?set=source[/72/11/7211aa99f3d2e06751fd1486b735f6a32c2b0cb7.jpg],origin[dam],category[],type[LOOKBOOK],res[m],hmver[1]&call=url[file:/product/style]"
High-waisted joggers,"Rs.1,499.00",Black,https://www2.hm.com/en_in/productpage.0975845001.html,"https://lp2.hm.com/hmgoepprod?set=source[/da/3f/da3fc9f3c5b628a4c192bf670c416310d14a4e92.jpg],origin[dam],category[],type[LOOKBOOK],res[m],hmver[1]&call=url[file:/product/style]"
Square-neck dress,"Rs.1,499.00",White/Blue floral,https://www2.hm.com/en_in/productpage.1210698004.html,"https://lp2.hm.com/hmgoepprod?set=source[/c1/67/c1679846dadf87d4ab8ebb48f654e910d020be73.jpg],origin[dam],category[],type[LOOKBOOK],res[m],hmver[1]&call=url[file:/product/style]"
Linen-blend midi dress,"Rs.2,299.00",White/Blue floral,https://www2.hm.com/en_in/productpage.1217048002.html,"https://lp2.hm.com/hmgoepprod?set=source[/8b/58/8b58c403dc7ae1ad680cdaa7dbe4efcb495ff2f5.jpg],origin[dam],category[],type[LOOKBOOK],res[m],hmver[1]&call=url[file:/product/style]"
Linen-blend shirt,"Rs.1,499.00",Blue,https://www2.hm.com/en_in/productpage.1213682005.html,"https://lp2.hm.com/hmgoepprod?set=source[/6d/0e/6d0ed822bcd35a89ef7b4e9261d2bdc41340ac35.jpg],origin[dam],category[],type[LOOKBOOK],res[m],hmver[1]&call=url[file:/product/style]"
Long-sleeved top,Rs.699.00,Light greige,https://www2.hm.com/en_in/productpage.1158565012.html,"https://lp2.hm.com/hmgoepprod?set=source[/02/96/02960ec062ccc588aacef5c37d9810f4e9bd6c59.jpg],origin[dam],category[],type[LOOKBOOK],res[m],hmver[1]&call=url[file:/product/style]"
Cropped turtleneck top,Rs.799.00,Light green,https://www2.hm.com/en_in/productpage.1174186012.html,"https://lp2.hm.com/hmgoepprod?set=source[/42/eb/42eb8e0899d1fab3a29749519602b0658d22ee93.jpg],origin[dam],category[],type[LOOKBOOK],res[m],hmver[1]&call=url[file:/product/style]"
Canvas cargo trousers,"Rs.1,499.00",Light beige,https://www2.hm.com/en_in/productpage.1203803001.html,"https://lp2.hm.com/hmgoepprod?set=source[/b2/4e/b24e39049e239036c1fd87add8397d308b1a3306.jpg],origin[dam],category[],type[LOOKBOOK],res[m],hmver[1]&call=url[file:/product/style]"
Slim Straight High Ankle Jeans,"Rs.2,299.00",Light denim blue,https://www2.hm.com/en_in/productpage.1214570001.html,"https://lp2.hm.com/hmgoepprod?set=source[/29/79/2979ff72b4a12ab32bda1b89e282c71c46b03344.jpg],origin[dam],category[ladies_jeans_slim],type[LOOKBOOK],res[m],hmver[1]&call=url[file:/product/style]"
Drawstring-detail cotton dress,"Rs.2,299.00",Bright red,https://www2.hm.com/en_in/productpage.1212592003.html,"https://lp2.hm.com/hmgoepprod?set=source[/da/ce/dace32ad85ea3d4bd6b56098985254d131590414.jpg],origin[dam],category[],type[LOOKBOOK],res[m],hmver[1]&call=url[file:/product/style]"
Crêpe tunic dress,"Rs.1,999.00",Light beige,https://www2.hm.com/en_in/productpage.1178303002.html,"https://lp2.hm.com/hmgoepprod?set=source[/46/c6/46c64a30a5ee6485c1a83f62e1297921cd7a4830.jpg],origin[dam],category[],type[LOOKBOOK],res[m],hmver[1]&call=url[file:/product/style]"
Lyocell-blend shirt dress,"Rs.2,099.00",Light beige/Leopard print,https://www2.hm.com/en_in/productpage.1191797001.html,"https://lp2.hm.com/hmgoepprod?set=source[/64/76/6476e4d8ad4255d478c1f490345b8a1e60b730de.jpg],origin[dam],category[],type[LOOKBOOK],res[m],hmver[1]&call=url[file:/product/style]"
Satin shirt,"Rs.1,799.00",Light blue,https://www2.hm.com/en_in/productpage.1151240009.html,"https://lp2.hm.com/hmgoepprod?set=source[/9e/3d/9e3df2c120fbdb1d066f365a6f03385a63457afd.jpg],origin[dam],category[ladies_shirtsblouses_shirts],type[LOOKBOOK],res[m],hmver[1]&call=url[file:/product/style]"
V-neck tunic,"Rs.1,499.00",Khaki green/Patterned,https://www2.hm.com/en_in/productpage.1058018018.html,"https://lp2.hm.com/hmgoepprod?set=source[/36/90/3690d0b6616cc8dd113e39aa8bad8c6444c0b31f.jpg],origin[dam],category[],type[LOOKBOOK],res[m],hmver[1]&call=url[file:/product/style]"
Patterned shirt,"Rs.2,299.00",Light pink/Patterned,https://www2.hm.com/en_in/productpage.1190265001.html,"https://lp2.hm.com/hmgoepprod?set=source[/a8/06/a806b6b6e54e18631cd3774facad32351f4c1e20.jpg],origin[dam],category[],type[LOOKBOOK],res[m],hmver[1]&call=url[file:/product/style]"
Linen-blend blouse,"Rs.1,299.00",White/Blue patterned,https://www2.hm.com/en_in/productpage.1215654003.html,"https://lp2.hm.com/hmgoepprod?set=source[/47/8d/478de9303e6f12aaf02e39216aa9c9fb16be70f6.jpg],origin[dam],category[],type[LOOKBOOK],res[m],hmver[1]&call=url[file:/product/style]"
Broderie anglaise blouse,"Rs.1,499.00",White,https://www2.hm.com/en_in/productpage.1216032001.html,"https://lp2.hm.com/hmgoepprod?set=source[/03/de/03de4117c235e6dea89a21d52e153156310e24bc.jpg],origin[dam],category[],type[LOOKBOOK],res[m],hmver[1]&call=url[file:/product/style]"
Viscose shirt dress,"Rs.1,499.00",Blue/Floral,https://www2.hm.com/en_in/productpage.1213391002.html,"https://lp2.hm.com/hmgoepprod?set=source[/ba/5c/ba5c7570f437fb24bbed2155441c9208c7af4618.jpg],origin[dam],category[],type[LOOKBOOK],res[m],hmver[1]&call=url[file:/product/style]"
Cropped strappy top,Rs.399.00,Black,https://www2.hm.com/en_in/productpage.1201715002.html,"https://lp2.hm.com/hmgoepprod?set=source[/f5/11/f511ce46bf9766491d1e6d500bf8680da3323f4d.jpg],origin[dam],category[],type[LOOKBOOK],res[m],hmver[1]&call=url[file:/product/style]"
Wide joggers,"Rs.1,299.00",Black,https://www2.hm.com/en_in/productpage.1199249001.html,"https://lp2.hm.com/hmgoepprod?set=source[/38/39/3839a229a293beaa0e23a49d865f8cfe39c84bdf.jpg],origin[dam],category[],type[LOOKBOOK],res[m],hmver[1]&call=url[file:/product/style]"
Linen-blend pull-on trousers,"Rs.1,499.00",Black,https://www2.hm.com/en_in/productpage.1138003003.html,"https://lp2.hm.com/hmgoepprod?set=source[/c8/41/c841fdfb84513949c2269b97b4256caedb00e21b.jpg],origin[dam],category[],type[LOOKBOOK],res[m],hmver[1]&call=url[file:/product/style]"
Cotton T-shirt,Rs.599.00,Dusty blue,https://www2.hm.com/en_in/productpage.0963662098.html,"https://lp2.hm.com/hmgoepprod?set=source[/d6/84/d684f862a0ccc9e844ed74b1941214774b0d2fcc.jpg],origin[dam],category[],type[LOOKBOOK],res[m],hmver[1]&call=url[file:/product/style]"
Printed T-shirt,Rs.499.00,White/Seoul,https://www2.hm.com/en_in/productpage.1198432018.html,"https://lp2.hm.com/hmgoepprod?set=source[/1f/53/1f537c90367aba646e6e427114a8ecf09cd9c5be.jpg],origin[dam],category[],type[LOOKBOOK],res[m],hmver[1]&call=url[file:/product/style]"
Wide High Jeans,"Rs.2,299.00",Light denim blue,https://www2.hm.com/en_in/productpage.0871889043.html,"https://lp2.hm.com/hmgoepprod?set=source[/93/44/9344e76ebb9ce149064f9005f3de7c3d8b0b3570.jpg],origin[dam],category[],type[LOOKBOOK],res[m],hmver[1]&call=url[file:/product/style]"
Ribbed vest top,Rs.499.00,White,https://www2.hm.com/en_in/productpage.1214111004.html,"https://lp2.hm.com/hmgoepprod?set=source[/11/15/1115797063e045c902c95d8f3193aeaf945b5892.jpg],origin[dam],category[],type[LOOKBOOK],res[m],hmver[1]&call=url[file:/product/style]"
Ribbed bodycon dress,"Rs.1,499.00",Black,https://www2.hm.com/en_in/productpage.1211133001.html,"https://lp2.hm.com/hmgoepprod?set=source[/f0/e8/f0e88a78db4c2843774846efb9a9b56ec93c9725.jpg],origin[dam],category[],type[LOOKBOOK],res[m],hmver[1]&call=url[file:/product/style]"
Viscose shirt dress,"Rs.1,499.00",Black/Floral,https://www2.hm.com/en_in/productpage.1213391001.html,"https://lp2.hm.com/hmgoepprod?set=source[/15/c1/15c1fef77be28cc139a2e61dd8ddd9cde89ef309.jpg],origin[dam],category[],type[LOOKBOOK],res[m],hmver[1]&call=url[file:/product/style]"
Wide twill trousers,"Rs.1,499.00",Black,https://www2.hm.com/en_in/productpage.1107360001.html,"https://lp2.hm.com/hmgoepprod?set=source[/be/39/be39b155752fb7dcde4e5a10ac4ef8e77a66ec72.jpg],origin[dam],category[],type[LOOKBOOK],res[m],hmver[1]&call=url[file:/product/style]"
Pleated skirt,"Rs.1,499.00",Black,https://www2.hm.com/en_in/productpage.1225017001.html,"https://lp2.hm.com/hmgoepprod?set=source[/a4/e5/a4e55949f6b71e2c7a90dbaa672dbf1185df3a09.jpg],origin[dam],category[],type[LOOKBOOK],res[m],hmver[1]&call=url[file:/product/style]"
Oversized motif-detail T-shirt,Rs.999.00,Light blue/Le Jardin,https://www2.hm.com/en_in/productpage.1198431019.html,"https://lp2.hm.com/hmgoepprod?set=source[/75/c5/75c50815190d43cb632b48889fcf25a681619e2d.jpg],origin[dam],category[],type[LOOKBOOK],res[m],hmver[1]&call=url[file:/product/style]"
Jersey pyjamas,"Rs.1,499.00",Pigeon blue/Cherries,https://www2.hm.com/en_in/productpage.0970593025.html,"https://lp2.hm.com/hmgoepprod?set=source[/c6/5b/c65ba5f11dadd960bc5b8608cf57ebe2bd223a18.jpg],origin[dam],category[],type[LOOKBOOK],res[m],hmver[1]&call=url[file:/product/style]"
Linen shirt,"Rs.1,999.00",Blue/White striped,https://www2.hm.com/en_in/productpage.1219107003.html,"https://lp2.hm.com/hmgoepprod?set=source[/63/d3/63d3b9f06f794c71641b359f532c162f889d89b3.jpg],origin[dam],category[],type[LOOKBOOK],res[m],hmver[1]&call=url[file:/product/style]"
Cropped vest top,Rs.799.00,Light yellow,https://www2.hm.com/en_in/productpage.1177825012.html,"https://lp2.hm.com/hmgoepprod?set=source[/bd/6f/bd6f89977f6505c5b87f10359f185befec2e91b9.jpg],origin[dam],category[],type[LOOKBOOK],res[m],hmver[1]&call=url[file:/product/style]"
Drawstring-detail dress,"Rs.1,999.00",Mustard yellow,https://www2.hm.com/en_in/productpage.1213536005.html,"https://lp2.hm.com/hmgoepprod?set=source[/80/29/8029ad656237b2e546c27395baec66615b2bce18.jpg],origin[dam],category[],type[LOOKBOOK],res[m],hmver[1]&call=url[file:/product/style]"
Cap-sleeved blouse,Rs.999.00,Light blue/Striped,https://www2.hm.com/en_in/productpage.1204909003.html,"https://lp2.hm.com/hmgoepprod?set=source[/21/2c/212cab4761134b7d282d6e5f64ea6aa64f79bf6e.jpg],origin[dam],category[],type[LOOKBOOK],res[m],hmver[1]&call=url[file:/product/style]"
Fitted poplin shirt,"Rs.1,299.00",White,https://www2.hm.com/en_in/productpage.1155483001.html,"https://lp2.hm.com/hmgoepprod?set=source[/12/4a/124a404672cd092b951641277ee2efe657036532.jpg],origin[dam],category[],type[LOOKBOOK],res[m],hmver[1]&call=url[file:/product/style]"
Button-front skirt,"Rs.1,499.00",Navy blue,https://www2.hm.com/en_in/productpage.1224800002.html,"https://lp2.hm.com/hmgoepprod?set=source[/49/59/495902703de769ecfd9e19bab6a7be85dca0e903.jpg],origin[dam],category[],type[LOOKBOOK],res[m],hmver[1]&call=url[file:/product/style]"
Oversized printed T-shirt,"Rs.1,299.00",Dark grey/Pink Floyd,https://www2.hm.com/en_in/productpage.0762558301.html,"https://lp2.hm.com/hmgoepprod?set=source[/f1/15/f11517d24131ea8542aa93aed328c188a5f66ac9.jpg],origin[dam],category[],type[LOOKBOOK],res[m],hmver[1]&call=url[file:/product/style]"
Tie-belt shirt dress,"Rs.1,799.00",Black/Patterned,https://www2.hm.com/en_in/productpage.1219074001.html,"https://lp2.hm.com/hmgoepprod?set=source[/01/2d/012dc85153bb585e060c7ad2480b053d35737569.jpg],origin[dam],category[],type[LOOKBOOK],res[m],hmver[1]&call=url[file:/product/style]"
Square-neck jersey dress,"Rs.1,499.00",Green,https://www2.hm.com/en_in/productpage.1214765002.html,"https://lp2.hm.com/hmgoepprod?set=source[/88/45/8845cae08da3b705752daf6d68efc6c16556cf44.jpg],origin[dam],category[],type[LOOKBOOK],res[m],hmver[1]&call=url[file:/product/style]"
Tie-belt dress,"Rs.1,999.00",Orange,https://www2.hm.com/en_in/productpage.1221514002.html,"https://lp2.hm.com/hmgoepprod?set=source[/77/2e/772e3fad5575690255fec1adc8d5a9cbaff7a49d.jpg],origin[dam],category[],type[LOOKBOOK],res[m],hmver[1]&call=url[file:/product/style]"
A-line modal-blend dress,"Rs.2,999.00",Light orange/Patterned,https://www2.hm.com/en_in/productpage.1185257002.html,"https://lp2.hm.com/hmgoepprod?set=source[/f8/4c/f84c0d5c80463700cb4f987b9c2b5eb65561433c.jpg],origin[dam],category[],type[LOOKBOOK],res[m],hmver[1]&call=url[file:/product/style]"
Ribbed jersey top,Rs.799.00,Light yellow,https://www2.hm.com/en_in/productpage.1196672005.html,"https://lp2.hm.com/hmgoepprod?set=source[/42/d1/42d19b6e427ffb4272621d930d531c161341266c.jpg],origin[dam],category[],type[LOOKBOOK],res[m],hmver[1]&call=url[file:/product/style]"
Flared leggings,"Rs.1,299.00",Black,https://www2.hm.com/en_in/productpage.1035873001.html,"https://lp2.hm.com/hmgoepprod?set=source[/b5/ff/b5ff071ce65dd461ffdaafde999e1157cd42ab43.jpg],origin[dam],category[],type[LOOKBOOK],res[m],hmver[1]&call=url[file:/product/style]"
Square-neck jersey top,Rs.799.00,Blue-grey,https://www2.hm.com/en_in/productpage.1221690003.html,"https://lp2.hm.com/hmgoepprod?set=source[/c4/bf/c4bfd7529e554d9643093f08dcd59936f03f76b0.jpg],origin[dam],category[],type[LOOKBOOK],res[m],hmver[1]&call=url[file:/product/style]"
Cigarette trousers,"Rs.1,299.00",Black,https://www2.hm.com/en_in/productpage.0751471001.html,"https://lp2.hm.com/hmgoepprod?set=source[/e9/d7/e9d77cc00ab3de665142b3c1fc1912bcc21ff2f7.jpg],origin[dam],category[ladies_trousers_chinosslacks],type[LOOKBOOK],res[m],hmver[2]&call=url[file:/product/style]"
Linen-blend pull-on trousers,"Rs.1,499.00",Light beige,https://www2.hm.com/en_in/productpage.1138003002.html,"https://lp2.hm.com/hmgoepprod?set=source[/bf/95/bf95a74a669d6eed88f7cf4c4024860c1e146104.jpg],origin[dam],category[],type[LOOKBOOK],res[m],hmver[1]&call=url[file:/product/style]"
Oversized T-shirt,Rs.699.00,Dusty pink marl,https://www2.hm.com/en_in/productpage.1212700004.html,"https://lp2.hm.com/hmgoepprod?set=source[/83/95/8395d2c2b6044044f669ea20aa25d8b720fc438b.jpg],origin[dam],category[],type[DESCRIPTIVESTILLLIFE],res[m],hmver[2]&call=url[file:/product/style]"
Suit waistcoat,"Rs.1,499.00",Black,https://www2.hm.com/en_in/productpage.1228071003.html,"https://lp2.hm.com/hmgoepprod?set=source[/bc/d4/bcd4c12b36edba458995edcb65bf2f754ea7d9f1.jpg],origin[dam],category[],type[LOOKBOOK],res[m],hmver[1]&call=url[file:/product/style]"
Linen-blend shirt,"Rs.1,199.00",White,https://www2.hm.com/en_in/productpage.1027844001.html,"https://lp2.hm.com/hmgoepprod?set=source[/dc/eb/dceb1bbc51fc8ace15fd8cdf5de60d68a6e291c7.jpg],origin[dam],category[],type[LOOKBOOK],res[m],hmver[1]&call=url[file:/product/style]"
Cigarette trousers,"Rs.1,299.00",Cream,https://www2.hm.com/en_in/productpage.0751471072.html,"https://lp2.hm.com/hmgoepprod?set=source[/d0/60/d060f9c8cd69ec5a5002ca62d5b5dc9dc0e78929.jpg],origin[dam],category[],type[LOOKBOOK],res[m],hmver[1]&call=url[file:/product/style]"
Canvas cargo trousers,"Rs.1,499.00",Black,https://www2.hm.com/en_in/productpage.1203803002.html,"https://lp2.hm.com/hmgoepprod?set=source[/da/22/da221296a54042f85fafdfa5fdd338c1c52651af.jpg],origin[dam],category[],type[LOOKBOOK],res[m],hmver[1]&call=url[file:/product/style]"
Midi denim skirt,"Rs.2,299.00",Denim blue,https://www2.hm.com/en_in/productpage.1227700002.html,"https://lp2.hm.com/hmgoepprod?set=source[/98/5c/985c785636023b05280583bb60689c37b924ee8a.jpg],origin[dam],category[],type[LOOKBOOK],res[m],hmver[1]&call=url[file:/product/style]"
Wide Ultra High Jeans,"Rs.1,999.00",Black,https://www2.hm.com/en_in/productpage.1067430001.html,"https://lp2.hm.com/hmgoepprod?set=source[/d4/ff/d4ff669a8ca95537ada5ac07dfbee86691e3d23d.jpg],origin[dam],category[],type[LOOKBOOK],res[m],hmver[1]&call=url[file:/product/style]"
Wide pull-on trousers,"Rs.1,499.00",Light beige,https://www2.hm.com/en_in/productpage.1214177006.html,"https://lp2.hm.com/hmgoepprod?set=source[/8f/8e/8f8eca1b493eb95e08809735119f9dd847283834.jpg],origin[dam],category[],type[LOOKBOOK],res[m],hmver[1]&call=url[file:/product/style]"
Wide Ultra High Jeans,"Rs.1,999.00",Denim blue,https://www2.hm.com/en_in/productpage.1067430023.html,"https://lp2.hm.com/hmgoepprod?set=source[/2f/13/2f13b40409008cb6854cc489b6e7816f1325d6c1.jpg],origin[dam],category[],type[LOOKBOOK],res[m],hmver[1]&call=url[file:/product/style]"
Oversized T-shirt,Rs.699.00,Black,https://www2.hm.com/en_in/productpage.1137208004.html,"https://lp2.hm.com/hmgoepprod?set=source[/dc/fd/dcfdf9b7f7281c0b05a8548a57911b4ee788c5c2.jpg],origin[dam],category[],type[LOOKBOOK],res[m],hmver[1]&call=url[file:/product/style]"
Wide joggers,"Rs.1,299.00",Light grey marl,https://www2.hm.com/en_in/productpage.1199249002.html,"https://lp2.hm.com/hmgoepprod?set=source[/67/70/6770c783be4496561e47555f1688e4037fee3d05.jpg],origin[dam],category[],type[LOOKBOOK],res[m],hmver[1]&call=url[file:/product/style]"
Slim Straight High Jeans,"Rs.1,999.00",Denim blue,https://www2.hm.com/en_in/productpage.1199187011.html,"https://lp2.hm.com/hmgoepprod?set=source[/0c/8c/0c8cfb992d96335663b40fb84697321fdc6b7618.jpg],origin[dam],category[],type[LOOKBOOK],res[m],hmver[1]&call=url[file:/product/style]"
Cotton T-shirt,Rs.599.00,Light beige,https://www2.hm.com/en_in/productpage.0963662106.html,"https://lp2.hm.com/hmgoepprod?set=source[/34/6e/346e2347947b90a8ec53bd6fa57b15655493d298.jpg],origin[dam],category[],type[LOOKBOOK],res[m],hmver[1]&call=url[file:/product/style]"
Linen-blend shirt,"Rs.1,499.00",Blue,https://www2.hm.com/en_in/productpage.1202784010.html,"https://lp2.hm.com/hmgoepprod?set=source[/7d/ce/7dcec5c37f9fa680d00e795ee98bbf768d30051f.jpg],origin[dam],category[],type[LOOKBOOK],res[m],hmver[1]&call=url[file:/product/style]"
Wide pull-on trousers,"Rs.1,299.00",Black/Zebra print,https://www2.hm.com/en_in/productpage.1216645003.html,"https://lp2.hm.com/hmgoepprod?set=source[/d3/2f/d32f04e5467100698e32b9c0ad0b69b6b22ffb40.jpg],origin[dam],category[],type[LOOKBOOK],res[m],hmver[1]&call=url[file:/product/style]"
Cotton T-shirt,Rs.599.00,Light grey marl,https://www2.hm.com/en_in/productpage.0963662097.html,"https://lp2.hm.com/hmgoepprod?set=source[/c8/a9/c8a9b97311f1ecf4e1fc794b2739a2af142e66fa.jpg],origin[dam],category[],type[LOOKBOOK],res[m],hmver[1]&call=url[file:/product/style]"
Linen-blend midi dress,"Rs.2,299.00",Cream/Floral,https://www2.hm.com/en_in/productpage.1217048004.html,"https://lp2.hm.com/hmgoepprod?set=source[/05/8b/058b8a2b04a613509f7aed8f399ed9c0ad57bc62.jpg],origin[dam],category[],type[LOOKBOOK],res[m],hmver[2]&call=url[file:/product/style]"
Oversized crinkled dress,"Rs.2,999.00",Cream/Floral,https://www2.hm.com/en_in/productpage.1219083002.html,"https://lp2.hm.com/hmgoepprod?set=source[/9a/bd/9abd7785fbcb8811397c2c28e9681eeb093028d8.jpg],origin[dam],category[],type[LOOKBOOK],res[m],hmver[2]&call=url[file:/product/style]"
Long-sleeved jersey top,Rs.799.00,Light dusty green,https://www2.hm.com/en_in/productpage.1089811022.html,"https://lp2.hm.com/hmgoepprod?set=source[/8d/3b/8d3b731424330aa3a0183390fd42c2e88941dd74.jpg],origin[dam],category[],type[LOOKBOOK],res[m],hmver[1]&call=url[file:/product/style]"
High-waisted joggers,"Rs.1,499.00",Dusty pink marl,https://www2.hm.com/en_in/productpage.0975845062.html,"https://lp2.hm.com/hmgoepprod?set=source[/29/1b/291b93dcf895311e382b1457e762e5bbcdf9aba6.jpg],origin[dam],category[ladies_basics_trousersleggings],type[DESCRIPTIVESTILLLIFE],res[m],hmver[2]&call=url[file:/product/style]"
Linen shirt,"Rs.1,999.00",Black,https://www2.hm.com/en_in/productpage.1219107001.html,"https://lp2.hm.com/hmgoepprod?set=source[/36/dd/36dd9504e32315cdbc94e7157e0d8df1ee18e516.jpg],origin[dam],category[],type[LOOKBOOK],res[m],hmver[1]&call=url[file:/product/style]"
Nylon parachute trousers,"Rs.1,499.00",Dark grey,https://www2.hm.com/en_in/productpage.1214167002.html,"https://lp2.hm.com/hmgoepprod?set=source[/d5/98/d59844792f9da90a95d1ee53bb16de1963a40fdc.jpg],origin[dam],category[],type[LOOKBOOK],res[m],hmver[1]&call=url[file:/product/style]"
Cropped strappy top,Rs.399.00,Dusty pink marl,https://www2.hm.com/en_in/productpage.1201715008.html,"https://lp2.hm.com/hmgoepprod?set=source[/2e/9b/2e9bcbd4857b1e6056cb83556d2594bd9da2837d.jpg],origin[dam],category[ladies_basics_tops_vests],type[DESCRIPTIVESTILLLIFE],res[m],hmver[2]&call=url[file:/product/style]"
Seamless padded soft bra,Rs.799.00,Black,https://www2.hm.com/en_in/productpage.1206002001.html,"https://lp2.hm.com/hmgoepprod?set=source[/d0/93/d093bb74a22f196805316baf7fa5641343ef5109.jpg],origin[dam],category[],type[LOOKBOOK],res[m],hmver[1]&call=url[file:/product/style]"
Straight joggers,"Rs.1,399.00",Black,https://www2.hm.com/en_in/productpage.1128433001.html,"https://lp2.hm.com/hmgoepprod?set=source[/1a/19/1a195f9b1c1d17aa53b1062280d75f689d2ee7d0.jpg],origin[dam],category[],type[LOOKBOOK],res[m],hmver[1]&call=url[file:/product/style]"
Sweatshirt,Rs.799.00,Dusty pink marl,https://www2.hm.com/en_in/productpage.1143405028.html,"https://lp2.hm.com/hmgoepprod?set=source[/63/94/63949b2752da3d1b70ed675fab364dcff471ff0a.jpg],origin[dam],category[],type[DESCRIPTIVESTILLLIFE],res[m],hmver[2]&call=url[file:/product/style]"
Straight trousers,"Rs.1,999.00",Beige,https://www2.hm.com/en_in/productpage.1214614002.html,"https://lp2.hm.com/hmgoepprod?set=source[/6b/43/6b43982787d44504efe5a8756359d745635181d4.jpg],origin[dam],category[],type[LOOKBOOK],res[m],hmver[1]&call=url[file:/product/style]"
Long-sleeved top,Rs.699.00,Black,https://www2.hm.com/en_in/productpage.1158565001.html,"https://lp2.hm.com/hmgoepprod?set=source[/29/0c/290c27f1d3de3553bb38bb78b719991325253012.jpg],origin[dam],category[],type[LOOKBOOK],res[m],hmver[1]&call=url[file:/product/style]"
Ribbed maxi dress,"Rs.1,299.00",Black,https://www2.hm.com/en_in/productpage.1224416001.html,"https://lp2.hm.com/hmgoepprod?set=source[/c5/61/c5613abe496aebbbe2f2c2b69abba9a6d07561f7.jpg],origin[dam],category[],type[LOOKBOOK],res[m],hmver[1]&call=url[file:/product/style]"
Frill-trimmed crêpe blouse,"Rs.1,499.00",White/Blue floral,https://www2.hm.com/en_in/productpage.1126584019.html,"https://lp2.hm.com/hmgoepprod?set=source[/68/ab/68ab7d54739c7fa8103037a8a252526da94bf035.jpg],origin[dam],category[],type[LOOKBOOK],res[m],hmver[1]&call=url[file:/product/style]"
Wing-shaped earrings,Rs.599.00,Gold-coloured,https://www2.hm.com/en_in/productpage.1205726001.html,"https://lp2.hm.com/hmgoepprod?set=source[/30/26/30260db8638e8b331126bdc0d51261d77b79e51e.jpg],origin[dam],category[],type[LOOKBOOK],res[m],hmver[2]&call=url[file:/product/style]"
Fitted T-shirt,Rs.799.00,Black,https://www2.hm.com/en_in/productpage.1162812016.html,"https://lp2.hm.com/hmgoepprod?set=source[/3a/ae/3aaeab8dae4d4932453b10d12abab0d24bfd1401.jpg],origin[dam],category[],type[LOOKBOOK],res[m],hmver[1]&call=url[file:/product/style]"
5-pack briefs,Rs.799.00,Light purple/White/Beige,https://www2.hm.com/en_in/productpage.1084213016.html,"https://lp2.hm.com/hmgoepprod?set=source[/cd/28/cd28fdec97afa90cbfb587dcaa5ae5e35cbb5818.jpg],origin[dam],category[ladies_lingerie_briefsknickers_multipack],type[DESCRIPTIVESTILLLIFE],res[m],hmver[2]&call=url[file:/product/style]"
Wide High Jeans,"Rs.2,299.00",Pale denim blue,https://www2.hm.com/en_in/productpage.0871889057.html,"https://lp2.hm.com/hmgoepprod?set=source[/4c/47/4c478e496f85d754b6174f3d1b146dc16b02ad4a.jpg],origin[dam],category[],type[LOOKBOOK],res[m],hmver[1]&call=url[file:/product/style]"
Poplin-skirt ribbed jersey dress,"Rs.1,999.00",Cream,https://www2.hm.com/en_in/productpage.1220229002.html,"https://lp2.hm.com/hmgoepprod?set=source[/7d/c5/7dc5041d51b347d6a4c779fd3a9e33a0cd190869.jpg],origin[dam],category[],type[LOOKBOOK],res[m],hmver[1]&call=url[file:/product/style]"
Draped vest top,Rs.799.00,Light beige,https://www2.hm.com/en_in/productpage.1225516003.html,"https://lp2.hm.com/hmgoepprod?set=source[/43/1a/431ae6794d33f9ac3ff4a53f6f96e54b0c088dcd.jpg],origin[dam],category[],type[LOOKBOOK],res[m],hmver[2]&call=url[file:/product/style]"
Printed T-shirt,"Rs.1,399.00",Cream/Paris,https://www2.hm.com/en_in/productpage.1004271042.html,"https://lp2.hm.com/hmgoepprod?set=source[/57/70/577096d3d374d43d58e396595fc0d7a53d9380c3.jpg],origin[dam],category[],type[LOOKBOOK],res[m],hmver[1]&call=url[file:/product/style]"
Linen shirt,"Rs.1,999.00",Beige/Striped,https://www2.hm.com/en_in/productpage.1219107004.html,"https://lp2.hm.com/hmgoepprod?set=source[/b5/7f/b57f90d267e2a9245fe17ad60cdd2e1fa42ac5c4.jpg],origin[dam],category[],type[LOOKBOOK],res[m],hmver[1]&call=url[file:/product/style]"
Wide twill trousers,"Rs.1,499.00",Light beige,https://www2.hm.com/en_in/productpage.1107360030.html,"https://lp2.hm.com/hmgoepprod?set=source[/2b/b1/2bb146104242e4b77c045bbd5b8295a060e7aa59.jpg],origin[dam],category[],type[LOOKBOOK],res[m],hmver[1]&call=url[file:/product/style]"
Sweatshirt,Rs.799.00,Black,https://www2.hm.com/en_in/productpage.1143405001.html,"https://lp2.hm.com/hmgoepprod?set=source[/e8/aa/e8aa6987679df3db840dcec221532bdb9ebae8b8.jpg],origin[dam],category[],type[LOOKBOOK],res[m],hmver[1]&call=url[file:/product/style]"
Small crossbody bag,"Rs.1,499.00",Light beige,https://www2.hm.com/en_in/productpage.1222183003.html,"https://lp2.hm.com/hmgoepprod?set=source[/b8/06/b8066c1877e8cb195ef0165fd150e1cb69f546c3.jpg],origin[dam],category[],type[LOOKBOOK],res[m],hmver[1]&call=url[file:/product/style]"
Oversized denim shirt,"Rs.1,999.00",Pale denim blue,https://www2.hm.com/en_in/productpage.1224046004.html,"https://lp2.hm.com/hmgoepprod?set=source[/40/c9/40c90bbb39361685bd95f2559fb5b87ac554ad22.jpg],origin[dam],category[],type[LOOKBOOK],res[m],hmver[1]&call=url[file:/product/style]"
Crinkled jersey dress,"Rs.1,499.00",Light beige,https://www2.hm.com/en_in/productpage.1164787002.html,"https://lp2.hm.com/hmgoepprod?set=source[/4c/f1/4cf1f72d5dd77c529fb9fe2b070c123a5ec51053.jpg],origin[dam],category[],type[LOOKBOOK],res[m],hmver[1]&call=url[file:/product/style]"
Puff-sleeved babydoll dress,"Rs.1,999.00",Cream/Floral,https://www2.hm.com/en_in/productpage.1213120001.html,"https://lp2.hm.com/hmgoepprod?set=source[/dc/3e/dc3ed1ba8448b194aac602bf77d6e38b7df53d6a.jpg],origin[dam],category[],type[LOOKBOOK],res[m],hmver[1]&call=url[file:/product/style]"
Ribbed modal-blend top,Rs.799.00,Black,https://www2.hm.com/en_in/productpage.0999727017.html,"https://lp2.hm.com/hmgoepprod?set=source[/64/c0/64c087f27e317d0eec48375567104b514b8495d3.jpg],origin[dam],category[],type[LOOKBOOK],res[m],hmver[1]&call=url[file:/product/style]"
Fitted poplin shirt,"Rs.1,299.00",Cream/Pinstriped,https://www2.hm.com/en_in/productpage.1202779008.html,"https://lp2.hm.com/hmgoepprod?set=source[/07/55/07551df563fedcdf49b81c2b430e8ca5bc3070ef.jpg],origin[dam],category[],type[LOOKBOOK],res[m],hmver[1]&call=url[file:/product/style]"
Broderie anglaise tunic dress,"Rs.2,299.00",Black,https://www2.hm.com/en_in/productpage.1222688002.html,"https://lp2.hm.com/hmgoepprod?set=source[/9e/97/9e976a8b9917826f831bb46842ecc36d17cd312b.jpg],origin[dam],category[],type[LOOKBOOK],res[m],hmver[1]&call=url[file:/product/style]"
Linen-blend maxi skirt,"Rs.2,699.00",Black/Floral,https://www2.hm.com/en_in/productpage.1225776003.html,"https://lp2.hm.com/hmgoepprod?set=source[/98/78/98782a341cadf7179e277a011d33904df14a4507.jpg],origin[dam],category[],type[LOOKBOOK],res[m],hmver[2]&call=url[file:/product/style]"
Oversized T-shirt,Rs.699.00,White,https://www2.hm.com/en_in/productpage.1137208001.html,"https://lp2.hm.com/hmgoepprod?set=source[/f5/3b/f53ba9cdc3e1d8e430e5fda9c3fd0247d7065d10.jpg],origin[dam],category[],type[LOOKBOOK],res[m],hmver[1]&call=url[file:/product/style]"
Broderie anglaise shirt,"Rs.2,999.00",Light blue,https://www2.hm.com/en_in/productpage.1216334004.html,"https://lp2.hm.com/hmgoepprod?set=source[/a5/07/a507a7373409edf55d55b978b27a92a8863c0dc5.jpg],origin[dam],category[],type[LOOKBOOK],res[m],hmver[1]&call=url[file:/product/style]"
Wide High Ankle Jeans,"Rs.1,999.00",Medium denim blue,https://www2.hm.com/en_in/productpage.1214568002.html,"https://lp2.hm.com/hmgoepprod?set=source[/17/9e/179e2333980e3cc23302017373660134044fd11c.jpg],origin[dam],category[],type[LOOKBOOK],res[m],hmver[1]&call=url[file:/product/style]"
Shirt,"Rs.1,299.00",White/Black striped,https://www2.hm.com/en_in/productpage.1220978006.html,"https://lp2.hm.com/hmgoepprod?set=source[/a9/62/a962d0c9d4db3648fc0e543f117c5b6a48d70bb3.jpg],origin[dam],category[],type[LOOKBOOK],res[m],hmver[2]&call=url[file:/product/style]"
Oval sunglasses,Rs.799.00,Black,https://www2.hm.com/en_in/productpage.1226313002.html,"https://lp2.hm.com/hmgoepprod?set=source[/c7/81/c7817b1f64a76de4db615b40ba69210c9302b31c.jpg],origin[dam],category[],type[LOOKBOOK],res[m],hmver[1]&call=url[file:/product/style]"
Ribbed bodycon dress,"Rs.1,299.00",Dusty pink,https://www2.hm.com/en_in/productpage.1213128004.html,"https://lp2.hm.com/hmgoepprod?set=source[/7f/39/7f391082bfb882dc500cdbee24d76fde90fdc1dd.jpg],origin[dam],category[],type[DESCRIPTIVESTILLLIFE],res[m],hmver[2]&call=url[file:/product/style]"
Linen-blend smocked-waist dress,"Rs.2,699.00",Cream/Trees,https://www2.hm.com/en_in/productpage.1220908001.html,"https://lp2.hm.com/hmgoepprod?set=source[/eb/03/eb03654c9a36d76af9ec4ba16c33f80b329d2143.jpg],origin[dam],category[],type[LOOKBOOK],res[m],hmver[1]&call=url[file:/product/style]"
V-neck blouse,"Rs.1,299.00",Light beige,https://www2.hm.com/en_in/productpage.0939703092.html,"https://lp2.hm.com/hmgoepprod?set=source[/01/cd/01cd56128f7fd06d32f2e05eb8a5a6b5234be78f.jpg],origin[dam],category[],type[LOOKBOOK],res[m],hmver[1]&call=url[file:/product/style]"
Slim Straight High Ankle Jeans,"Rs.2,299.00",Denim blue,https://www2.hm.com/en_in/productpage.1214570003.html,"https://lp2.hm.com/hmgoepprod?set=source[/49/03/490306ca24881bc02a99f000408d706250a311d6.jpg],origin[dam],category[],type[LOOKBOOK],res[m],hmver[1]&call=url[file:/product/style]"
Flared High Jeans,"Rs.1,499.00",White,https://www2.hm.com/en_in/productpage.1109636016.html,"https://lp2.hm.com/hmgoepprod?set=source[/61/f3/61f3370e1ce4dd7cdffbe8abe559cb67a13cb4e9.jpg],origin[dam],category[],type[LOOKBOOK],res[m],hmver[1]&call=url[file:/product/style]"
Fitted jacket,"Rs.2,699.00",Black,https://www2.hm.com/en_in/productpage.0988242004.html,"https://lp2.hm.com/hmgoepprod?set=source[/fb/8e/fb8eba823fe4a90a6c01cc76239098b019f6acfd.jpg],origin[dam],category[],type[LOOKBOOK],res[m],hmver[1]&call=url[file:/product/style]"
Wide High Jeans,"Rs.2,299.00",Black,https://www2.hm.com/en_in/productpage.0871889056.html,"https://lp2.hm.com/hmgoepprod?set=source[/30/61/3061f9d8b8dc87e74ae196fd25fb46767fb242ec.jpg],origin[dam],category[],type[LOOKBOOK],res[m],hmver[1]&call=url[file:/product/style]"
Textured cardigan,"Rs.1,499.00",Navy blue,https://www2.hm.com/en_in/productpage.1177837007.html,"https://lp2.hm.com/hmgoepprod?set=source[/90/3e/903ec44488ce7f5c7c49d47655ba9afa1b091d1f.jpg],origin[dam],category[],type[LOOKBOOK],res[m],hmver[1]&call=url[file:/product/style]"
Cropped V-neck blouse,"Rs.1,299.00",White/Blue floral,https://www2.hm.com/en_in/productpage.1216011001.html,"https://lp2.hm.com/hmgoepprod?set=source[/1d/6a/1d6a2e50a539c0d57d873866817912aaf8568f16.jpg],origin[dam],category[],type[LOOKBOOK],res[m],hmver[1]&call=url[file:/product/style]"
Belted shirt dress,"Rs.4,999.00",Yellow-beige,https://www2.hm.com/en_in/productpage.1222701001.html,"https://lp2.hm.com/hmgoepprod?set=source[/80/89/8089ffb257f842d353085c2af360fcb1762c5e51.jpg],origin[dam],category[],type[LOOKBOOK],res[m],hmver[1]&call=url[file:/product/style]"
Fitted jacket,"Rs.2,699.00",Light beige,https://www2.hm.com/en_in/productpage.0988242021.html,"https://lp2.hm.com/hmgoepprod?set=source[/cb/39/cb39383a678622c2a4cbf3d15519abf3058853e0.jpg],origin[dam],category[],type[LOOKBOOK],res[m],hmver[1]&call=url[file:/product/style]"
Linen-blend dress,"Rs.2,999.00",White/Floral,https://www2.hm.com/en_in/productpage.1222949002.html,"https://lp2.hm.com/hmgoepprod?set=source[/af/bd/afbd63c7158e3b0c69e7c8fd0af279f334b67fa5.jpg],origin[dam],category[],type[LOOKBOOK],res[m],hmver[1]&call=url[file:/product/style]"
Baggy Low Jeans,"Rs.2,299.00",Denim blue,https://www2.hm.com/en_in/productpage.1214235002.html,"https://lp2.hm.com/hmgoepprod?set=source[/3e/c1/3ec1f8fb9cd980634cbdf03245e702c5ace1b14c.jpg],origin[dam],category[],type[LOOKBOOK],res[m],hmver[1]&call=url[file:/product/style]"
Boat-neck body,Rs.999.00,Cream,https://www2.hm.com/en_in/productpage.1216651002.html,"https://lp2.hm.com/hmgoepprod?set=source[/e4/96/e496f94d844be9754cf6617c0f24b864fd78be26.jpg],origin[dam],category[],type[LOOKBOOK],res[m],hmver[1]&call=url[file:/product/style]"
Ankle-length trousers,"Rs.1,999.00",Black,https://www2.hm.com/en_in/productpage.1011909015.html,"https://lp2.hm.com/hmgoepprod?set=source[/ff/ba/ffbaf6ea15147ed121a4aa7848f5704f644d60ad.jpg],origin[dam],category[],type[LOOKBOOK],res[m],hmver[1]&call=url[file:/product/style]"
Seersucker popover blouse,"Rs.1,499.00",Light blue/Striped,https://www2.hm.com/en_in/productpage.1212629002.html,"https://lp2.hm.com/hmgoepprod?set=source[/e9/a2/e9a2466d36c9c2ac7eba114cf13c7cfaf2e736cb.jpg],origin[dam],category[],type[LOOKBOOK],res[m],hmver[1]&call=url[file:/product/style]"
Cropped turtleneck top,Rs.799.00,Light beige,https://www2.hm.com/en_in/productpage.1174186003.html,"https://lp2.hm.com/hmgoepprod?set=source[/3a/84/3a84e0009ea4fa0542858c403469d1c04d3ebe62.jpg],origin[dam],category[],type[LOOKBOOK],res[m],hmver[1]&call=url[file:/product/style]"
Cigarette trousers,"Rs.1,299.00",Dusty blue,https://www2.hm.com/en_in/productpage.0751471121.html,"https://lp2.hm.com/hmgoepprod?set=source[/5b/98/5b98e50405b4358ccf21aa390356df5fb2e0e8eb.jpg],origin[dam],category[],type[LOOKBOOK],res[m],hmver[1]&call=url[file:/product/style]"
Jersey bodycon dress,"Rs.1,499.00",Black,https://www2.hm.com/en_in/productpage.1208745001.html,"https://lp2.hm.com/hmgoepprod?set=source[/63/38/6338380df14a36764df11bc2a44d918f2daa362a.jpg],origin[dam],category[],type[LOOKBOOK],res[m],hmver[1]&call=url[file:/product/style]"
Denim jacket,"Rs.2,699.00",Denim blue,https://www2.hm.com/en_in/productpage.1202814001.html,"https://lp2.hm.com/hmgoepprod?set=source[/2a/6d/2a6d50bfd8f7132e2c6fc633d3be8b21e19608c9.jpg],origin[dam],category[],type[LOOKBOOK],res[m],hmver[1]&call=url[file:/product/style]"
Lace-trimmed strappy top,Rs.799.00,White,https://www2.hm.com/en_in/productpage.1206249003.html,"https://lp2.hm.com/hmgoepprod?set=source[/cf/2b/cf2be34e461f570f621b5ecd573332a6eeba982f.jpg],origin[dam],category[],type[LOOKBOOK],res[m],hmver[1]&call=url[file:/product/style]"
Double-breasted trenchcoat,"Rs.3,999.00",Beige,https://www2.hm.com/en_in/productpage.1115204006.html,"https://lp2.hm.com/hmgoepprod?set=source[/fb/e4/fbe49f714b1f93e6d4f5d0383eb3135ebcc238eb.jpg],origin[dam],category[],type[LOOKBOOK],res[m],hmver[1]&call=url[file:/product/style]"
Fine-knit top,"Rs.1,499.00",White/Black striped,https://www2.hm.com/en_in/productpage.1220582004.html,"https://lp2.hm.com/hmgoepprod?set=source[/cb/f8/cbf8eb618eab708cc85e7b57e1c4f8795e3b7add.jpg],origin[dam],category[],type[LOOKBOOK],res[m],hmver[1]&call=url[file:/product/style]"
Linen wrap top,"Rs.2,999.00",Beige/Striped,https://www2.hm.com/en_in/productpage.1216736001.html,"https://lp2.hm.com/hmgoepprod?set=source[/c7/ac/c7acf08b529fa8d2158600a1e7853258b4ee1207.jpg],origin[dam],category[],type[LOOKBOOK],res[m],hmver[1]&call=url[file:/product/style]"
Ribbed T-shirt,Rs.599.00,White,https://www2.hm.com/en_in/productpage.1222097002.html,"https://lp2.hm.com/hmgoepprod?set=source[/32/a8/32a82f1e32391dcbd5bfc408f99035e146ad900e.jpg],origin[dam],category[],type[LOOKBOOK],res[m],hmver[1]&call=url[file:/product/style]"
Sheer boat-neck top,Rs.799.00,Dusty pink marl,https://www2.hm.com/en_in/productpage.1228491004.html,"https://lp2.hm.com/hmgoepprod?set=source[/0b/78/0b7820176835fa457d4206786b9543dd68de793e.jpg],origin[dam],category[ladies_basics_tops_longsleeve],type[DESCRIPTIVESTILLLIFE],res[m],hmver[2]&call=url[file:/product/style]"
Oversized zip-through hoodie,"Rs.1,999.00",Black,https://www2.hm.com/en_in/productpage.1139538001.html,"https://lp2.hm.com/hmgoepprod?set=source[/a8/e9/a8e9c51df954bfa3b06679ec585041068201c7a1.jpg],origin[dam],category[],type[LOOKBOOK],res[m],hmver[1]&call=url[file:/product/style]"
Sweatshirt,"Rs.1,499.00",Cream/Striped,https://www2.hm.com/en_in/productpage.1011828071.html,"https://lp2.hm.com/hmgoepprod?set=source[/b5/a6/b5a64be0ce290b32a89c98d3749681da457f57b3.jpg],origin[dam],category[],type[LOOKBOOK],res[m],hmver[1]&call=url[file:/product/style]"
Trench-look jacket,"Rs.2,999.00",Dark beige,https://www2.hm.com/en_in/productpage.1202762001.html,"https://lp2.hm.com/hmgoepprod?set=source[/55/4e/554eabdc7a45d927e8c3d0ec66aa9648935d83a3.jpg],origin[dam],category[],type[LOOKBOOK],res[m],hmver[1]&call=url[file:/product/style]"
Ribbed vest top,Rs.599.00,Black,https://www2.hm.com/en_in/productpage.0882925001.html,"https://lp2.hm.com/hmgoepprod?set=source[/76/8a/768ab1bfd07ff7a7ce54fa1514d3736db37f3bc2.jpg],origin[dam],category[ladies_basics_tops_vests],type[LOOKBOOK],res[m],hmver[1]&call=url[file:/product/style]"
Rib-knit boat-neck top,"Rs.1,499.00",Cream,https://www2.hm.com/en_in/productpage.1227735001.html,"https://lp2.hm.com/hmgoepprod?set=source[/46/39/463971e96714c26ef54aee34761cb561cc8eb6ce.jpg],origin[dam],category[],type[LOOKBOOK],res[m],hmver[1]&call=url[file:/product/style]"
Wide trousers,"Rs.2,699.00",Light beige,https://www2.hm.com/en_in/productpage.1090271033.html,"https://lp2.hm.com/hmgoepprod?set=source[/36/e3/36e3d8b4b51b4b445a267f08b883de796352e8f6.jpg],origin[dam],category[],type[LOOKBOOK],res[m],hmver[2]&call=url[file:/product/style]"
Cotton-blend leggings,Rs.799.00,Black,https://www2.hm.com/en_in/productpage.0768912001.html,"https://lp2.hm.com/hmgoepprod?set=source[/dd/95/dd954848eec1d6cc5ff788dd0f10b63fe7e538f1.jpg],origin[dam],category[ladies_trousers_leggings],type[LOOKBOOK],res[m],hmver[1]&call=url[file:/product/style]"
Slim Straight High Ankle Jeans,"Rs.2,299.00",White,https://www2.hm.com/en_in/productpage.1214570004.html,"https://lp2.hm.com/hmgoepprod?set=source[/68/4a/684a353f5fd767d238e920730c0bb3cd023a72bc.jpg],origin[dam],category[],type[LOOKBOOK],res[m],hmver[1]&call=url[file:/product/style]"
Fitted microfibre T-shirt,Rs.799.00,Light dusty pink,https://www2.hm.com/en_in/productpage.1142908037.html,"https://lp2.hm.com/hmgoepprod?set=source[/1c/d5/1cd5f91e2b0fb6223d2cfee46ae7c5647ac98acc.jpg],origin[dam],category[],type[LOOKBOOK],res[m],hmver[1]&call=url[file:/product/style]"
Oversized T-shirt dress,"Rs.1,299.00",Old rose marl,https://www2.hm.com/en_in/productpage.1128506013.html,"https://lp2.hm.com/hmgoepprod?set=source[/a3/e5/a3e5fb903de97634ffb9dac85389eb4fb767e474.jpg],origin[dam],category[ladies_basics_dressesskirts],type[DESCRIPTIVESTILLLIFE],res[m],hmver[2]&call=url[file:/product/style]"
Zip-through hoodie,"Rs.1,499.00",Light grey marl,https://www2.hm.com/en_in/productpage.1213772002.html,"https://lp2.hm.com/hmgoepprod?set=source[/40/3c/403cba8b462f678c8ec1b074640e5b510fdae7bb.jpg],origin[dam],category[],type[LOOKBOOK],res[m],hmver[1]&call=url[file:/product/style]"
Wide High Jeans,"Rs.2,299.00",White,https://www2.hm.com/en_in/productpage.1045459030.html,"https://lp2.hm.com/hmgoepprod?set=source[/87/dc/87dcdc144cd710c279b563b7f1e3cdd40aa6d1da.jpg],origin[dam],category[],type[LOOKBOOK],res[m],hmver[1]&call=url[file:/product/style]"
Denim skirt,"Rs.1,999.00",Black,https://www2.hm.com/en_in/productpage.1204764003.html,"https://lp2.hm.com/hmgoepprod?set=source[/08/63/08630553648cadd00c1be0abfbacdfea1ab5e219.jpg],origin[dam],category[],type[LOOKBOOK],res[m],hmver[1]&call=url[file:/product/style]"
Oversized shirt dress,"Rs.1,499.00",White/Floral,https://www2.hm.com/en_in/productpage.1217779002.html,"https://lp2.hm.com/hmgoepprod?set=source[/30/ae/30ae01aeb245443b3938be8bc54c7b336584a3e1.jpg],origin[dam],category[],type[LOOKBOOK],res[m],hmver[1]&call=url[file:/product/style]"
Linen shirt,"Rs.2,299.00",Pale yellow,https://www2.hm.com/en_in/productpage.1204901008.html,"https://lp2.hm.com/hmgoepprod?set=source[/df/be/dfbe3c39c3823d5836b7603eb1a505fc3996aca4.jpg],origin[dam],category[],type[LOOKBOOK],res[m],hmver[1]&call=url[file:/product/style]"
Square-neck top,Rs.799.00,White,https://www2.hm.com/en_in/productpage.1171543014.html,"https://lp2.hm.com/hmgoepprod?set=source[/ed/c1/edc122c3d84696732bc3237a3591bdabac543915.jpg],origin[dam],category[],type[LOOKBOOK],res[m],hmver[1]&call=url[file:/product/style]"
Cotton cap,Rs.749.00,Black,https://www2.hm.com/en_in/productpage.1062001001.html,"https://lp2.hm.com/hmgoepprod?set=source[/c6/a9/c6a95db54d4d071c4ead28c0c7a15706ddf6b835.jpg],origin[dam],category[],type[LOOKBOOK],res[m],hmver[1]&call=url[file:/product/style]"
Rib-knit zip-through cardigan,"Rs.1,499.00",Natural white,https://www2.hm.com/en_in/productpage.1189116004.html,"https://lp2.hm.com/hmgoepprod?set=source[/4d/e8/4de8a32fb7f241549cfe20a4f1a5fc585687ae74.jpg],origin[dam],category[],type[LOOKBOOK],res[m],hmver[1]&call=url[file:/product/style]"
Frayed-edge flared skirt,"Rs.2,999.00",Light blue,https://www2.hm.com/en_in/productpage.1218341001.html,"https://lp2.hm.com/hmgoepprod?set=source[/86/6b/866bcabe5714155e58d1377ff3cc1b64d2d1f359.jpg],origin[dam],category[],type[LOOKBOOK],res[m],hmver[1]&call=url[file:/product/style]"
Cat-eye sunglasses,"Rs.2,299.00",Gold-coloured,https://www2.hm.com/en_in/productpage.1226351001.html,"https://lp2.hm.com/hmgoepprod?set=source[/b3/a6/b3a6d66d00ef85323785765401df9bb14f3914e0.jpg],origin[dam],category[],type[LOOKBOOK],res[m],hmver[1]&call=url[file:/product/style]"
Linen wrap top,"Rs.2,999.00",Black,https://www2.hm.com/en_in/productpage.1216736002.html,"https://lp2.hm.com/hmgoepprod?set=source[/53/05/5305d3de9c7a5807764e84fc490fb2902b717d05.jpg],origin[dam],category[],type[LOOKBOOK],res[m],hmver[1]&call=url[file:/product/style]"
Zip-through top,"Rs.1,299.00",Black,https://www2.hm.com/en_in/productpage.1212780002.html,"https://lp2.hm.com/hmgoepprod?set=source[/38/ca/38ca23d109eb3144978793818040a7dc72c353e0.jpg],origin[dam],category[],type[LOOKBOOK],res[m],hmver[1]&call=url[file:/product/style]"
Long strappy dress,"Rs.1,499.00",Black,https://www2.hm.com/en_in/productpage.1229068001.html,"https://lp2.hm.com/hmgoepprod?set=source[/87/99/879967017d59a9409da61c3d8b461fdeddacf2e1.jpg],origin[dam],category[],type[LOOKBOOK],res[m],hmver[1]&call=url[file:/product/style]"
Ribbed modal-blend top,Rs.799.00,Light blue,https://www2.hm.com/en_in/productpage.0999727033.html,"https://lp2.hm.com/hmgoepprod?set=source[/42/cb/42cbe3e4eb448eccc68d1a2ba64826059f4e8a08.jpg],origin[dam],category[],type[LOOKBOOK],res[m],hmver[1]&call=url[file:/product/style]"
Ribbed Henley top,Rs.799.00,Light grey marl,https://www2.hm.com/en_in/productpage.1000128001.html,"https://lp2.hm.com/hmgoepprod?set=source[/d2/29/d22970d4c32c24bd6ecffd0619f4a745b228ff48.jpg],origin[dam],category[],type[LOOKBOOK],res[m],hmver[1]&call=url[file:/product/style]"
Twill column skirt,"Rs.1,499.00",Black,https://www2.hm.com/en_in/productpage.1219673002.html,"https://lp2.hm.com/hmgoepprod?set=source[/92/11/9211404ac8027ef6f6340ef0549006813ac50cc0.jpg],origin[dam],category[],type[LOOKBOOK],res[m],hmver[1]&call=url[file:/product/style]"
Linen-blend trousers,"Rs.2,299.00",Cream,https://www2.hm.com/en_in/productpage.1218588001.html,"https://lp2.hm.com/hmgoepprod?set=source[/fb/85/fb85be6a2d749fe497f6be662f994f19a945a4c1.jpg],origin[dam],category[],type[LOOKBOOK],res[m],hmver[1]&call=url[file:/product/style]"
Puffer gilet,"Rs.1,499.00",Light greige,https://www2.hm.com/en_in/productpage.1215255002.html,"https://lp2.hm.com/hmgoepprod?set=source[/9b/82/9b82bd228c3627d67b9a29e7d27f415d277e6e6d.jpg],origin[dam],category[],type[LOOKBOOK],res[m],hmver[1]&call=url[file:/product/style]"
Pleated skirt,"Rs.2,699.00",Light beige,https://www2.hm.com/en_in/productpage.0998124011.html,"https://lp2.hm.com/hmgoepprod?set=source[/46/72/46729e8795444dfe33027737add5f61460c580e0.jpg],origin[dam],category[],type[LOOKBOOK],res[m],hmver[1]&call=url[file:/product/style]"
Linen-blend wrap dress,"Rs.2,699.00",Cream/Geometric pattern,https://www2.hm.com/en_in/productpage.1220001001.html,"https://lp2.hm.com/hmgoepprod?set=source[/7b/81/7b8137a3c590ee1660f3e3180ecb432e307cc203.jpg],origin[dam],category[],type[LOOKBOOK],res[m],hmver[1]&call=url[file:/product/style]"
Textured crossbody bag,"Rs.2,299.00",Cream,https://www2.hm.com/en_in/productpage.1221370001.html,"https://lp2.hm.com/hmgoepprod?set=source[/6a/ff/6affb8e27ed460bf14b9e3c63cae0e63ac201eb7.jpg],origin[dam],category[],type[LOOKBOOK],res[m],hmver[1]&call=url[file:/product/style]"
Gathered-sleeve blazer,"Rs.3,599.00",Navy blue,https://www2.hm.com/en_in/productpage.1124589016.html,"https://lp2.hm.com/hmgoepprod?set=source[/fc/0a/fc0ad2f9056559738a240dc7a84d377bcaaefe4a.jpg],origin[dam],category[],type[LOOKBOOK],res[m],hmver[1]&call=url[file:/product/style]"
High-waisted joggers,"Rs.1,499.00",Light grey marl,https://www2.hm.com/en_in/productpage.0975845002.html,"https://lp2.hm.com/hmgoepprod?set=source[/94/25/94255d6945769397b82654c99c3f24b5eb7c14fb.jpg],origin[dam],category[],type[LOOKBOOK],res[m],hmver[1]&call=url[file:/product/style]"
Hooded top,"Rs.1,499.00",Black,https://www2.hm.com/en_in/productpage.0456163060.html,"https://lp2.hm.com/hmgoepprod?set=source[/0e/ae/0eae25c40aa6eab870cb0387089c10f08b43ed10.jpg],origin[dam],category[ladies_basics_tops_longsleeve],type[LOOKBOOK],res[m],hmver[1]&call=url[file:/product/style]"
Corset-style top,"Rs.1,399.00",Cream,https://www2.hm.com/en_in/productpage.1224941001.html,"https://lp2.hm.com/hmgoepprod?set=source[/a6/5e/a65e0b7f489f1e725dbb176ebe272877d17867e0.jpg],origin[dam],category[],type[LOOKBOOK],res[m],hmver[1]&call=url[file:/product/style]"
Cigarette trousers,"Rs.1,999.00",Black,https://www2.hm.com/en_in/productpage.1036648008.html,"https://lp2.hm.com/hmgoepprod?set=source[/59/08/5908f1fbc61e1ac379d15d027341ce4180df2201.jpg],origin[dam],category[],type[LOOKBOOK],res[m],hmver[2]&call=url[file:/product/style]"
Ribbed vest top,Rs.699.00,White,https://www2.hm.com/en_in/productpage.1170067002.html,"https://lp2.hm.com/hmgoepprod?set=source[/23/93/2393a48536e4f57989cff838b700ce19cba4c9d9.jpg],origin[dam],category[],type[LOOKBOOK],res[m],hmver[1]&call=url[file:/product/style]"
Wide High Ankle Jeans,"Rs.1,999.00",Light denim blue,https://www2.hm.com/en_in/productpage.1214568001.html,"https://lp2.hm.com/hmgoepprod?set=source[/24/f6/24f6a431a5f302c7158b5ba65040157cba1be0ca.jpg],origin[dam],category[],type[LOOKBOOK],res[m],hmver[1]&call=url[file:/product/style]"
Parachute trousers,"Rs.1,999.00",Beige,https://www2.hm.com/en_in/productpage.1214225002.html,"https://lp2.hm.com/hmgoepprod?set=source[/a4/89/a489e41aa4032bd5e401049c7b5308db0b1b3cd7.jpg],origin[dam],category[],type[LOOKBOOK],res[m],hmver[1]&call=url[file:/product/style]"
Oversized sweatshirt,"Rs.1,499.00",Black,https://www2.hm.com/en_in/productpage.0994088001.html,"https://lp2.hm.com/hmgoepprod?set=source[/fc/44/fc44147ea1704fff7321274c3acd2ecd9350373d.jpg],origin[dam],category[],type[LOOKBOOK],res[m],hmver[1]&call=url[file:/product/style]"
Textured-weave jacket,"Rs.3,999.00",Light beige marl,https://www2.hm.com/en_in/productpage.1220291003.html,"https://lp2.hm.com/hmgoepprod?set=source[/3a/cf/3acfa574f74961086fa016c36652ec042116bf22.jpg],origin[dam],category[],type[LOOKBOOK],res[m],hmver[2]&call=url[file:/product/style]"
Ribbed modal-blend T-shirt,Rs.799.00,Black,https://www2.hm.com/en_in/productpage.1157799007.html,"https://lp2.hm.com/hmgoepprod?set=source[/02/7b/027bb6cf418ce8abafef19ab036f23f040310f25.jpg],origin[dam],category[],type[LOOKBOOK],res[m],hmver[1]&call=url[file:/product/style]"
Textured wrap dress,"Rs.2,299.00",Light beige,https://www2.hm.com/en_in/productpage.1210941003.html,"https://lp2.hm.com/hmgoepprod?set=source[/58/3f/583f430e3d872e5fc9c25c18e336785a35d5cad2.jpg],origin[dam],category[],type[LOOKBOOK],res[m],hmver[1]&call=url[file:/product/style]"
Zip-through hoodie,"Rs.1,499.00",Light greige,https://www2.hm.com/en_in/productpage.1213772004.html,"https://lp2.hm.com/hmgoepprod?set=source[/28/1d/281d0aa5fa4a3bd1f10cca6594f7390cbe90810f.jpg],origin[dam],category[ladies_basics_tops_longsleeve],type[DESCRIPTIVESTILLLIFE],res[m],hmver[2]&call=url[file:/product/style]"
Satin maxi skirt,"Rs.1,999.00",Black,https://www2.hm.com/en_in/productpage.1209993001.html,"https://lp2.hm.com/hmgoepprod?set=source[/56/7e/567e6cdf1186944749a739d3c72140a331dd0f18.jpg],origin[dam],category[],type[LOOKBOOK],res[m],hmver[1]&call=url[file:/product/style]"
10-pack cotton thong briefs,"Rs.1,499.00",Light purple/White/Beige,https://www2.hm.com/en_in/productpage.1084217011.html,"https://lp2.hm.com/hmgoepprod?set=source[/b2/0e/b20e6b146d0e6c5ed47ba20058356f23f151b893.jpg],origin[dam],category[ladies_lingerie_briefsknickers_multipack],type[DESCRIPTIVESTILLLIFE],res[m],hmver[2]&call=url[file:/product/style]"
Fine-knit top,"Rs.1,299.00",Cream/Black striped,https://www2.hm.com/en_in/productpage.1130010007.html,"https://lp2.hm.com/hmgoepprod?set=source[/a1/20/a120c5fff0e68c227a5b7c9f110c13588521e35d.jpg],origin[dam],category[],type[LOOKBOOK],res[m],hmver[1]&call=url[file:/product/style]"
Double-breasted trenchcoat,"Rs.3,999.00",Beige,https://www2.hm.com/en_in/productpage.1115204005.html,"https://lp2.hm.com/hmgoepprod?set=source[/b7/be/b7be551a5e05bde85206d04bec79b7de8f8c840e.jpg],origin[dam],category[],type[LOOKBOOK],res[m],hmver[1]&call=url[file:/product/style]"
Linen-blend joggers,"Rs.1,999.00",Black,https://www2.hm.com/en_in/productpage.1213659001.html,"https://lp2.hm.com/hmgoepprod?set=source[/2f/bb/2fbb31c6be9875d10bcd14b3988b4d53c94e7841.jpg],origin[dam],category[],type[LOOKBOOK],res[m],hmver[1]&call=url[file:/product/style]"
Oversized cotton shirt,"Rs.1,499.00",White,https://www2.hm.com/en_in/productpage.1202778003.html,"https://lp2.hm.com/hmgoepprod?set=source[/f8/10/f8109a90c79c8041fb922459255a90e66a9f3e7f.jpg],origin[dam],category[],type[LOOKBOOK],res[m],hmver[1]&call=url[file:/product/style]"
Coated jacket,"Rs.3,999.00",Dark brown,https://www2.hm.com/en_in/productpage.1200833002.html,"https://lp2.hm.com/hmgoepprod?set=source[/c2/aa/c2aa1b79e789f6e309a9e1e8edb4d700d8ecb09b.jpg],origin[dam],category[],type[LOOKBOOK],res[m],hmver[1]&call=url[file:/product/style]"
Lace-trimmed cami top,"Rs.1,499.00",Black,https://www2.hm.com/en_in/productpage.0966969001.html,"https://lp2.hm.com/hmgoepprod?set=source[/f5/41/f541cbcbbc47d5943a648cf67a63ebd7af049932.jpg],origin[dam],category[],type[LOOKBOOK],res[m],hmver[1]&call=url[file:/product/style]"
Feather Soft Denim skirt,"Rs.2,299.00",Pale denim blue,https://www2.hm.com/en_in/productpage.1204765002.html,"https://lp2.hm.com/hmgoepprod?set=source[/17/cd/17cd993e81410d8a70bfe788fd466de70cd4d872.jpg],origin[dam],category[],type[LOOKBOOK],res[m],hmver[1]&call=url[file:/product/style]"
Linked seam-detail jumper,Rs.999.00,Cream/Striped,https://www2.hm.com/en_in/productpage.1202988004.html,"https://lp2.hm.com/hmgoepprod?set=source[/f7/15/f7158a74e0e22e21169c9448599e86a3a6986167.jpg],origin[dam],category[],type[LOOKBOOK],res[m],hmver[1]&call=url[file:/product/style]"
3-pack cotton shortie briefs,"Rs.1,299.00",Black,https://www2.hm.com/en_in/productpage.1109278001.html,"https://lp2.hm.com/hmgoepprod?set=source[/79/71/7971cde507a4875a30ba292c9e52dff405373195.jpg],origin[dam],category[],type[DESCRIPTIVESTILLLIFE],res[m],hmver[2]&call=url[file:/product/style]"
Wide trousers,"Rs.1,299.00",Black,https://www2.hm.com/en_in/productpage.1063563002.html,"https://lp2.hm.com/hmgoepprod?set=source[/f6/77/f677699368f2a5761e74f54d5853456a9f1236f8.jpg],origin[dam],category[],type[LOOKBOOK],res[m],hmver[1]&call=url[file:/product/style]"
Ribbed modal-blend T-shirt,Rs.799.00,Light khaki green,https://www2.hm.com/en_in/productpage.1157799017.html,"https://lp2.hm.com/hmgoepprod?set=source[/61/70/61709c7bd6fbf9acaecd2282b50b88c32a3f6323.jpg],origin[dam],category[],type[LOOKBOOK],res[m],hmver[1]&call=url[file:/product/style]"
5-pack lace hipster briefs,"Rs.1,999.00",Pigeon blue/Light blue/White,https://www2.hm.com/en_in/productpage.1171002006.html,"https://lp2.hm.com/hmgoepprod?set=source[/e1/1a/e11af133584ebaa2b1248e962482168a2350baea.jpg],origin[dam],category[ladies_lingerie_briefsknickers_hipster],type[DESCRIPTIVESTILLLIFE],res[m],hmver[2]&call=url[file:/product/style]"
Linen trousers,"Rs.2,299.00",Beige/Striped,https://www2.hm.com/en_in/productpage.1216368003.html,"https://lp2.hm.com/hmgoepprod?set=source[/63/fd/63fdbf8fed32d83fca09b14719aa65f8fa2ae371.jpg],origin[dam],category[],type[LOOKBOOK],res[m],hmver[1]&call=url[file:/product/style]"
Non-padded underwired lace bra,"Rs.1,299.00",Black,https://www2.hm.com/en_in/productpage.1215494001.html,"https://lp2.hm.com/hmgoepprod?set=source[/58/20/582006a23d9cd89e982e2e2007589380e19b99c8.jpg],origin[dam],category[],type[LOOKBOOK],res[m],hmver[1]&call=url[file:/product/style]"
Baggy Regular Jeans,"Rs.2,299.00",Light denim blue,https://www2.hm.com/en_in/productpage.1210963003.html,"https://lp2.hm.com/hmgoepprod?set=source[/53/35/5335364e85544beec737b28a3339c7aefb7ee381.jpg],origin[dam],category[],type[LOOKBOOK],res[m],hmver[1]&call=url[file:/product/style]"
Broderie-anglaise-sleeve top,"Rs.1,299.00",White,https://www2.hm.com/en_in/productpage.1223275002.html,"https://lp2.hm.com/hmgoepprod?set=source[/b8/b6/b8b6a8bfc5dcaa5b6e5c38083fc306f06db19ecc.jpg],origin[dam],category[],type[LOOKBOOK],res[m],hmver[1]&call=url[file:/product/style]"
Shoulder bag and pouch,"Rs.1,999.00",Beige,https://www2.hm.com/en_in/productpage.0916750037.html,"https://lp2.hm.com/hmgoepprod?set=source[/2c/b6/2cb66851a7bfeb3e1894023afbd55fe72fb4072f.jpg],origin[dam],category[ladies_accessories_bags_shouldercrossbags],type[DESCRIPTIVESTILLLIFE],res[m],hmver[2]&call=url[file:/product/style]"
Jumper,"Rs.1,299.00",Black/Striped,https://www2.hm.com/en_in/productpage.1202990010.html,"https://lp2.hm.com/hmgoepprod?set=source[/33/b0/33b03e2ff4b491b34f664dd7bd6f536b3343f5e8.jpg],origin[dam],category[],type[LOOKBOOK],res[m],hmver[1]&call=url[file:/product/style]"
Tunic dress,"Rs.1,999.00",Khaki green,https://www2.hm.com/en_in/productpage.1207175003.html,"https://lp2.hm.com/hmgoepprod?set=source[/6a/80/6a806c8b1c2dfc9ae8184e9a11062a11182a861d.jpg],origin[dam],category[],type[LOOKBOOK],res[m],hmver[1]&call=url[file:/product/style]"
Denim shirt,"Rs.1,999.00",Denim blue,https://www2.hm.com/en_in/productpage.1208392002.html,"https://lp2.hm.com/hmgoepprod?set=source[/25/8d/258d86a30f8dd87b672fca9b3adc7321962aedec.jpg],origin[dam],category[],type[LOOKBOOK],res[m],hmver[1]&call=url[file:/product/style]"
Belt,"Rs.1,399.00",Black,https://www2.hm.com/en_in/productpage.1221560001.html,"https://lp2.hm.com/hmgoepprod?set=source[/f2/1a/f21a62ce283d685b5342fa8d2a2be07e14d5cc77.jpg],origin[dam],category[],type[LOOKBOOK],res[m],hmver[1]&call=url[file:/product/style]"
Cap-sleeved top,Rs.799.00,White/Spotted,https://www2.hm.com/en_in/productpage.1209450004.html,"https://lp2.hm.com/hmgoepprod?set=source[/fa/54/fa5465d76b20c08a1f11c622dba2b0aaf272e406.jpg],origin[dam],category[],type[LOOKBOOK],res[m],hmver[1]&call=url[file:/product/style]"
Sweatshirt,"Rs.1,299.00",Powder pink,https://www2.hm.com/en_in/productpage.0889828070.html,"https://lp2.hm.com/hmgoepprod?set=source[/40/7d/407de5489ca16b3c05b900a9b5884531ca2a8993.jpg],origin[dam],category[],type[LOOKBOOK],res[m],hmver[1]&call=url[file:/product/style]"
Oversized T-shirt,Rs.999.00,Light beige/Dance Mode,https://www2.hm.com/en_in/productpage.1206236013.html,"https://lp2.hm.com/hmgoepprod?set=source[/69/d7/69d73443497128927784bb82e907e1fe55c6fe61.jpg],origin[dam],category[],type[LOOKBOOK],res[m],hmver[1]&call=url[file:/product/style]"
Broderie anglaise shirt dress,"Rs.5,499.00",White,https://www2.hm.com/en_in/productpage.1224596001.html,"https://lp2.hm.com/hmgoepprod?set=source[/8d/31/8d3190cb92d7016f5cdb1da687efa2b9a5b6e338.jpg],origin[dam],category[],type[LOOKBOOK],res[m],hmver[1]&call=url[file:/product/style]"
Wide High Cropped Jeans,"Rs.1,799.00",Light beige,https://www2.hm.com/en_in/productpage.1199191016.html,"https://lp2.hm.com/hmgoepprod?set=source[/a3/11/a311d4c4ba7959e805a925ceb6994f4babbe2872.jpg],origin[dam],category[],type[LOOKBOOK],res[m],hmver[1]&call=url[file:/product/style]"
Leather belt,"Rs.1,399.00",Black/Silver-coloured,https://www2.hm.com/en_in/productpage.0179950001.html,"https://lp2.hm.com/hmgoepprod?set=source[/db/3c/db3c9171b3775171c0c0dbcb9fd6022b6eb602b7.jpg],origin[dam],category[ladies_accessories_belts],type[LOOKBOOK],res[m],hmver[1]&call=url[file:/product/style]"
Single-breasted blazer,"Rs.2,999.00",Grey marl,https://www2.hm.com/en_in/productpage.1221955002.html,"https://lp2.hm.com/hmgoepprod?set=source[/da/ed/daed9b223070525288494c280b00f1ba6dbb0823.jpg],origin[dam],category[],type[LOOKBOOK],res[m],hmver[1]&call=url[file:/product/style]"
Tie-detail pleated dress,"Rs.3,999.00",Light dusty turquoise,https://www2.hm.com/en_in/productpage.1222581005.html,"https://lp2.hm.com/hmgoepprod?set=source[/e8/f9/e8f99fd2d80a268a033c741617ed4701ac256385.jpg],origin[dam],category[],type[LOOKBOOK],res[m],hmver[1]&call=url[file:/product/style]"
Puff-sleeved top,Rs.999.00,Black,https://www2.hm.com/en_in/productpage.1138084002.html,"https://lp2.hm.com/hmgoepprod?set=source[/4c/83/4c834feb15b3ea52dcb45ce3f6a2db63c552dd64.jpg],origin[dam],category[],type[LOOKBOOK],res[m],hmver[1]&call=url[file:/product/style]"
Ribbed vest top,Rs.799.00,Black,https://www2.hm.com/en_in/productpage.1209456001.html,"https://lp2.hm.com/hmgoepprod?set=source[/e2/71/e27179afbff4be2e64d75271f29ea24a78c47620.jpg],origin[dam],category[],type[LOOKBOOK],res[m],hmver[1]&call=url[file:/product/style]"
Oversized sweatshirt,"Rs.1,499.00",Light greige,https://www2.hm.com/en_in/productpage.0994088022.html,"https://lp2.hm.com/hmgoepprod?set=source[/c2/09/c20955f46d8177db31335b8c713396c98c3a4a70.jpg],origin[dam],category[],type[LOOKBOOK],res[m],hmver[1]&call=url[file:/product/style]"
Ribbed cotton top,Rs.799.00,Dark beige,https://www2.hm.com/en_in/productpage.1218988006.html,"https://lp2.hm.com/hmgoepprod?set=source[/12/58/12588864cc64840bc02cf2d26a1ba77697585863.jpg],origin[dam],category[],type[LOOKBOOK],res[m],hmver[1]&call=url[file:/product/style]"
Long-sleeved jersey top,"Rs.1,299.00",Black,https://www2.hm.com/en_in/productpage.1113691001.html,"https://lp2.hm.com/hmgoepprod?set=source[/d5/98/d59803c4cdd4cf9081a629bb97f8e65338ebf7ef.jpg],origin[dam],category[],type[LOOKBOOK],res[m],hmver[1]&call=url[file:/product/style]"
Crochet-look cardigan,"Rs.2,299.00",Black,https://www2.hm.com/en_in/productpage.1229528001.html,"https://lp2.hm.com/hmgoepprod?set=source[/4b/85/4b85648ae9aca8dd3ac8f565fdb8812b273eb136.jpg],origin[dam],category[],type[LOOKBOOK],res[m],hmver[1]&call=url[file:/product/style]"
Bouclé jacket,"Rs.2,999.00",Black/Checked,https://www2.hm.com/en_in/productpage.1195099009.html,"https://lp2.hm.com/hmgoepprod?set=source[/49/00/4900bac0d7fd37a15c77d98b3278a5538f72432f.jpg],origin[dam],category[],type[LOOKBOOK],res[m],hmver[1]&call=url[file:/product/style]"
2-pack non-padded lace soft bras,"Rs.1,499.00",Powder pink/Cream,https://www2.hm.com/en_in/productpage.1218642002.html,"https://lp2.hm.com/hmgoepprod?set=source[/c6/f1/c6f14ad2d03b6f34090a545e825e6e8ec1fad429.jpg],origin[dam],category[],type[LOOKBOOK],res[m],hmver[1]&call=url[file:/product/style]"
Seamless soft bra,Rs.999.00,White,https://www2.hm.com/en_in/productpage.1219405002.html,"https://lp2.hm.com/hmgoepprod?set=source[/7a/6a/7a6a7c659bc0365908a9cdac271c729c1fd1e70d.jpg],origin[dam],category[],type[LOOKBOOK],res[m],hmver[1]&call=url[file:/product/style]"
10-pack trainer socks,Rs.999.00,Light purple/Dusty pink/White,https://www2.hm.com/en_in/productpage.0994905012.html,"https://lp2.hm.com/hmgoepprod?set=source[/8c/0a/8c0a24a00b184e97d320ccd5728ea9060107a033.jpg],origin[dam],category[ladies_sockstights_socks_ankle],type[DESCRIPTIVESTILLLIFE],res[m],hmver[2]&call=url[file:/product/style]"
Oversized linen-blend shirt,"Rs.1,999.00",White,https://www2.hm.com/en_in/productpage.1216417001.html,"https://lp2.hm.com/hmgoepprod?set=source[/d1/51/d15181d886e3e8d2b32c5c83cb7390fc64f244e4.jpg],origin[dam],category[],type[LOOKBOOK],res[m],hmver[1]&call=url[file:/product/style]"
Double-breasted twill trench coat,"Rs.4,999.00",Beige,https://www2.hm.com/en_in/productpage.1202758002.html,"https://lp2.hm.com/hmgoepprod?set=source[/a3/b2/a3b2c353aa8cb868c6cf2fc33eb676c05d5776ec.jpg],origin[dam],category[],type[LOOKBOOK],res[m],hmver[1]&call=url[file:/product/style]"
Cropped zip-through hoodie,"Rs.1,399.00",Black,https://www2.hm.com/en_in/productpage.1193900001.html,"https://lp2.hm.com/hmgoepprod?set=source[/6c/f2/6cf2ba40a4f22dc3a48a76df75a9ea4f761c6c65.jpg],origin[dam],category[],type[LOOKBOOK],res[m],hmver[2]&call=url[file:/product/style]"
Wide High Jeans,"Rs.2,299.00",Light denim blue,https://www2.hm.com/en_in/productpage.1045459029.html,"https://lp2.hm.com/hmgoepprod?set=source[/7e/d3/7ed333da3626828683880414431403e28f0d3a3d.jpg],origin[dam],category[],type[LOOKBOOK],res[m],hmver[1]&call=url[file:/product/style]"
Baggy High Jeans,"Rs.2,699.00",Black,https://www2.hm.com/en_in/productpage.1208532010.html,"https://lp2.hm.com/hmgoepprod?set=source[/02/71/02710cfd8623163f875357c7596ad2320cd0e531.jpg],origin[dam],category[],type[LOOKBOOK],res[m],hmver[1]&call=url[file:/product/style]"
Textured-knit cardigan,"Rs.3,999.00",Dark khaki green,https://www2.hm.com/en_in/productpage.1194323004.html,"https://lp2.hm.com/hmgoepprod?set=source[/b2/46/b2464fa750525911dbfc1ce3e7af4457cefcd1a9.jpg],origin[dam],category[ladies_cardigansjumpers_cardigans],type[LOOKBOOK],res[m],hmver[1]&call=url[file:/product/style]"
Rib-knit dress,"Rs.2,899.00",Brown,https://www2.hm.com/en_in/productpage.1217398001.html,"https://lp2.hm.com/hmgoepprod?set=source[/63/64/6364c2e91aa1d62b30ee3a15c42ab5e67e27f658.jpg],origin[dam],category[],type[LOOKBOOK],res[m],hmver[1]&call=url[file:/product/style]"
Distressed-look belted skirt,"Rs.2,999.00",Dark brown,https://www2.hm.com/en_in/productpage.1233327001.html,"https://lp2.hm.com/hmgoepprod?set=source[/ea/a5/eaa5253bd0b4c05786ae133b59e89b4fc63b9f0b.jpg],origin[dam],category[],type[LOOKBOOK],res[m],hmver[1]&call=url[file:/product/style]"
Twill cargo trousers,"Rs.2,299.00",Beige,https://www2.hm.com/en_in/productpage.1210465002.html,"https://lp2.hm.com/hmgoepprod?set=source[/a5/9e/a59eb3d3250b4fd95d9f3fa8b872af9feb3160ec.jpg],origin[dam],category[],type[LOOKBOOK],res[m],hmver[1]&call=url[file:/product/style]"
Microfibre vest top,Rs.799.00,Light greige,https://www2.hm.com/en_in/productpage.1216160001.html,"https://lp2.hm.com/hmgoepprod?set=source[/81/80/818092f64614b138498ffa71ad9876a157e497ac.jpg],origin[dam],category[],type[LOOKBOOK],res[m],hmver[1]&call=url[file:/product/style]"
Puff-sleeved midi dress,"Rs.1,999.00",Cream/Floral,https://www2.hm.com/en_in/productpage.1213111002.html,"https://lp2.hm.com/hmgoepprod?set=source[/44/e0/44e0b957bc08835782ec236468d30e705d4e39e9.jpg],origin[dam],category[],type[LOOKBOOK],res[m],hmver[1]&call=url[file:/product/style]"
Pleat-detail top,"Rs.1,299.00",White/Black striped,https://www2.hm.com/en_in/productpage.1222424001.html,"https://lp2.hm.com/hmgoepprod?set=source[/4f/2d/4f2d7df0fcd7cab4824d6b6d4b9674373392f54f.jpg],origin[dam],category[],type[LOOKBOOK],res[m],hmver[1]&call=url[file:/product/style]"
Cap-sleeved rib-knit top,"Rs.1,799.00",Cream,https://www2.hm.com/en_in/productpage.1217929001.html,"https://lp2.hm.com/hmgoepprod?set=source[/d5/25/d5252b33b9a775bf4b593f900c6b780ca984bac9.jpg],origin[dam],category[],type[LOOKBOOK],res[m],hmver[1]&call=url[file:/product/style]"
Baggy Wide Low Jeans,"Rs.2,699.00",Light denim blue,https://www2.hm.com/en_in/productpage.1199190001.html,"https://lp2.hm.com/hmgoepprod?set=source[/24/f4/24f4322ad406a1933646767c4a03ebe5df974a87.jpg],origin[dam],category[],type[LOOKBOOK],res[m],hmver[1]&call=url[file:/product/style]"
Oversized hoodie,"Rs.1,799.00",Black,https://www2.hm.com/en_in/productpage.1087261001.html,"https://lp2.hm.com/hmgoepprod?set=source[/5f/8f/5f8f8500d9fb4c1960d7d7c759be11e690c78ba9.jpg],origin[dam],category[],type[LOOKBOOK],res[m],hmver[1]&call=url[file:/product/style]"
Wide denim trousers,"Rs.2,999.00",Black/Washed out,https://www2.hm.com/en_in/productpage.1237952001.html,"https://lp2.hm.com/hmgoepprod?set=source[/08/93/08933bc84ed27c87879710ae9c5651935a9c3879.jpg],origin[dam],category[],type[LOOKBOOK],res[m],hmver[1]&call=url[file:/product/style]"
Rib-knit skirt,"Rs.2,299.00",Cream,https://www2.hm.com/en_in/productpage.1217931001.html,"https://lp2.hm.com/hmgoepprod?set=source[/13/c0/13c0e7a65a2db21bec91a1f4e099bf0c6d385c20.jpg],origin[dam],category[],type[LOOKBOOK],res[m],hmver[1]&call=url[file:/product/style]"
Embroidery-detail cap,"Rs.1,399.00",Light beige,https://www2.hm.com/en_in/productpage.1220261001.html,"https://lp2.hm.com/hmgoepprod?set=source[/8f/09/8f09aefadcb2e074f12096fa33ddb3e57a0a92b8.jpg],origin[dam],category[],type[DESCRIPTIVESTILLLIFE],res[m],hmver[2]&call=url[file:/product/style]"
Pencil skirt,"Rs.2,999.00",Black/Geometric pattern,https://www2.hm.com/en_in/productpage.1220297001.html,"https://lp2.hm.com/hmgoepprod?set=source[/4f/ef/4fef880e41e74f81e1f52878913b34c50d87f339.jpg],origin[dam],category[],type[LOOKBOOK],res[m],hmver[1]&call=url[file:/product/style]"
Sweatshirt,"Rs.1,499.00",White/Paris,https://www2.hm.com/en_in/productpage.1011828077.html,"https://lp2.hm.com/hmgoepprod?set=source[/97/f4/97f42ee3bab6d750628bd88ec678b728436a716d.jpg],origin[dam],category[],type[LOOKBOOK],res[m],hmver[1]&call=url[file:/product/style]"
Linen-blend shirt dress,"Rs.2,699.00",Blue/Striped,https://www2.hm.com/en_in/productpage.1212591001.html,"https://lp2.hm.com/hmgoepprod?set=source[/71/a7/71a756be3afbae386914ec3ff3362306413e31cb.jpg],origin[dam],category[],type[LOOKBOOK],res[m],hmver[1]&call=url[file:/product/style]"
Cropped zip-through hoodie,"Rs.1,399.00",Light grey marl,https://www2.hm.com/en_in/productpage.1193900004.html,"https://lp2.hm.com/hmgoepprod?set=source[/fb/b7/fbb7335fcb325942a0298416c7a49d032324f68b.jpg],origin[dam],category[],type[LOOKBOOK],res[m],hmver[1]&call=url[file:/product/style]"
Twist-detail vest top,"Rs.1,299.00",Black,https://www2.hm.com/en_in/productpage.1201251008.html,"https://lp2.hm.com/hmgoepprod?set=source[/63/61/6361b1a9f971af22cf6bc49d7453ee1d22b5552b.jpg],origin[dam],category[],type[LOOKBOOK],res[m],hmver[1]&call=url[file:/product/style]"
Shopper,"Rs.1,999.00",Beige,https://www2.hm.com/en_in/productpage.0633152066.html,"https://lp2.hm.com/hmgoepprod?set=source[/ce/f4/cef4be53e477e4bcf3bebc23e1f0fd28d4188d3a.jpg],origin[dam],category[ladies_accessories_bags_shoppertotes],type[DESCRIPTIVESTILLLIFE],res[m],hmver[2]&call=url[file:/product/style]"
Double-breasted blazer,"Rs.3,599.00",Dark khaki green,https://www2.hm.com/en_in/productpage.1215796003.html,"https://lp2.hm.com/hmgoepprod?set=source[/6a/58/6a582bbb5855eee39578a953202c91ac2bc9ba21.jpg],origin[dam],category[],type[LOOKBOOK],res[m],hmver[3]&call=url[file:/product/style]"
Cargo trousers,"Rs.2,299.00",Beige,https://www2.hm.com/en_in/productpage.1213721001.html,"https://lp2.hm.com/hmgoepprod?set=source[/b4/6c/b46cef52f0e730fff2e4128f65822d7a2be5e217.jpg],origin[dam],category[],type[LOOKBOOK],res[m],hmver[1]&call=url[file:/product/style]"
Rib-knit off-the-shoulder top,"Rs.1,999.00",Black,https://www2.hm.com/en_in/productpage.1223942002.html,"https://lp2.hm.com/hmgoepprod?set=source[/44/dd/44ddf12885d8acd475840ed09604afdbaeffd52e.jpg],origin[dam],category[],type[LOOKBOOK],res[m],hmver[1]&call=url[file:/product/style]"
Tailored trousers,"Rs.2,299.00",Dark khaki green,https://www2.hm.com/en_in/productpage.1207181004.html,"https://lp2.hm.com/hmgoepprod?set=source[/a7/b6/a7b607b6b6cb23bb022558beabbbd3c5836165a9.jpg],origin[dam],category[],type[LOOKBOOK],res[m],hmver[3]&call=url[file:/product/style]"
Oversized linen-blend shirt,"Rs.1,999.00",White/Blue striped,https://www2.hm.com/en_in/productpage.1216417002.html,"https://lp2.hm.com/hmgoepprod?set=source[/4c/fc/4cfc12482995298329c740b06716810658ace6c0.jpg],origin[dam],category[],type[LOOKBOOK],res[m],hmver[1]&call=url[file:/product/style]"
Soft mesh bra,Rs.699.00,White,https://www2.hm.com/en_in/productpage.1218656002.html,"https://lp2.hm.com/hmgoepprod?set=source[/49/3b/493ba4caaac38fc2fcdd0114615de1031718ef89.jpg],origin[dam],category[],type[LOOKBOOK],res[m],hmver[1]&call=url[file:/product/style]"
Crinkled trousers,"Rs.2,199.00",Navy blue,https://www2.hm.com/en_in/productpage.1184716004.html,"https://lp2.hm.com/hmgoepprod?set=source[/5b/6f/5b6f8171b4e8da58633539976160a9fa9162e68c.jpg],origin[dam],category[],type[LOOKBOOK],res[m],hmver[1]&call=url[file:/product/style]"
Ultra High Ankle Jeggings,"Rs.1,799.00",Light grey,https://www2.hm.com/en_in/productpage.1152457020.html,"https://lp2.hm.com/hmgoepprod?set=source[/cf/bb/cfbb528c262a99a26e98ae62ebb4a46fa011bd96.jpg],origin[dam],category[],type[LOOKBOOK],res[m],hmver[1]&call=url[file:/product/style]"
Baggy Low Jeans,"Rs.2,299.00",Black,https://www2.hm.com/en_in/productpage.1214235006.html,"https://lp2.hm.com/hmgoepprod?set=source[/93/a7/93a7ba86ebad092a0351f018f81b02632b5cdb58.jpg],origin[dam],category[],type[LOOKBOOK],res[m],hmver[1]&call=url[file:/product/style]"
Suede loafers,"Rs.3,499.00",Black,https://www2.hm.com/en_in/productpage.0950789011.html,"https://lp2.hm.com/hmgoepprod?set=source[/55/80/5580dcdb37936c67700d5baa3f3ef29c7fb9bb91.jpg],origin[dam],category[],type[LOOKBOOK],res[m],hmver[1]&call=url[file:/product/style]"
Cotton twill cap,Rs.699.00,Black,https://www2.hm.com/en_in/productpage.1210714001.html,"https://lp2.hm.com/hmgoepprod?set=source[/c2/0e/c20e7b2cac21a226b3505b48bbd1305641f9435d.jpg],origin[dam],category[],type[LOOKBOOK],res[m],hmver[1]&call=url[file:/product/style]"
Broderie anglaise shirt,"Rs.3,599.00",Black,https://www2.hm.com/en_in/productpage.1222252002.html,"https://lp2.hm.com/hmgoepprod?set=source[/5c/a3/5ca3228abf3c84ed203d79a98151fb8dffdacb18.jpg],origin[dam],category[],type[LOOKBOOK],res[m],hmver[1]&call=url[file:/product/style]"
Ribbed jersey top,"Rs.1,299.00",White/Blue striped,https://www2.hm.com/en_in/productpage.1203084012.html,"https://lp2.hm.com/hmgoepprod?set=source[/b4/2f/b42fb62a0580c4dc49476eb611dbce8d1e7f1301.jpg],origin[dam],category[],type[LOOKBOOK],res[m],hmver[1]&call=url[file:/product/style]"
Linen-blend dress with broderie anglaise,"Rs.4,999.00",Black,https://www2.hm.com/en_in/productpage.1222951002.html,"https://lp2.hm.com/hmgoepprod?set=source[/2e/f7/2ef7701b2e833edffb5e42cfd1f6ca910f7d213e.jpg],origin[dam],category[],type[LOOKBOOK],res[m],hmver[1]&call=url[file:/product/style]"
Skinny Regular Jeans,"Rs.1,999.00",Light denim blue,https://www2.hm.com/en_in/productpage.1172287005.html,"https://lp2.hm.com/hmgoepprod?set=source[/5e/2d/5e2d5584dcbc82522b78527dfacabfeba8daec19.jpg],origin[dam],category[],type[LOOKBOOK],res[m],hmver[1]&call=url[file:/product/style]"
Oversized hoodie,"Rs.2,299.00",Black,https://www2.hm.com/en_in/productpage.1210942003.html,"https://lp2.hm.com/hmgoepprod?set=source[/1a/3f/1a3fd82268a3a0d67ae20cb37a4f2f6b6d525f27.jpg],origin[dam],category[],type[LOOKBOOK],res[m],hmver[1]&call=url[file:/product/style]"
Printed sweatshirt,"Rs.1,999.00",Light grey marl/Los Angeles,https://www2.hm.com/en_in/productpage.1096931027.html,"https://lp2.hm.com/hmgoepprod?set=source[/b1/0c/b10c0d5f386c669af8622dd2b01516fcb69c0987.jpg],origin[dam],category[],type[LOOKBOOK],res[m],hmver[1]&call=url[file:/product/style]"
Linen-blend bomber jacket,"Rs.2,699.00",Dark khaki green,https://www2.hm.com/en_in/productpage.1211789004.html,"https://lp2.hm.com/hmgoepprod?set=source[/17/f0/17f05ceb4e051ff910351f40d135461279267c83.jpg],origin[dam],category[],type[LOOKBOOK],res[m],hmver[1]&call=url[file:/product/style]"
Cotton boxer-style shorts,"Rs.1,299.00",Light blue/Striped,https://www2.hm.com/en_in/productpage.1224190002.html,"https://lp2.hm.com/hmgoepprod?set=source[/44/c1/44c16185417ecf50a8d48bb248c153aef92e359f.jpg],origin[dam],category[],type[LOOKBOOK],res[m],hmver[1]&call=url[file:/product/style]"
Viscose-blend dress,"Rs.1,999.00",Black,https://www2.hm.com/en_in/productpage.1185296001.html,"https://lp2.hm.com/hmgoepprod?set=source[/58/41/5841e2808dd19e4e676cea0c7c87206608092a22.jpg],origin[dam],category[],type[LOOKBOOK],res[m],hmver[1]&call=url[file:/product/style]"
Linen trousers,"Rs.2,299.00",White,https://www2.hm.com/en_in/productpage.1216368001.html,"https://lp2.hm.com/hmgoepprod?set=source[/cb/3c/cb3cc29cc9d03530c88d6ba84b3fe55396c0ef84.jpg],origin[dam],category[],type[LOOKBOOK],res[m],hmver[1]&call=url[file:/product/style]"
Oversized linen shirt,"Rs.2,699.00",White,https://www2.hm.com/en_in/productpage.1216807001.html,"https://lp2.hm.com/hmgoepprod?set=source[/5d/0e/5d0eda1d26b7102dedf6812038051d1117f0637e.jpg],origin[dam],category[],type[LOOKBOOK],res[m],hmver[1]&call=url[file:/product/style]"
10-pack briefs,"Rs.1,499.00",Black,https://www2.hm.com/en_in/productpage.1089865001.html,"https://lp2.hm.com/hmgoepprod?set=source[/8c/c4/8cc429b7775215c6d9626a91fb499d167ce33528.jpg],origin[dam],category[],type[DESCRIPTIVESTILLLIFE],res[m],hmver[2]&call=url[file:/product/style]"
Slit-hem pencil skirt,"Rs.2,699.00",Black,https://www2.hm.com/en_in/productpage.1221860001.html,"https://lp2.hm.com/hmgoepprod?set=source[/af/a0/afa0e79e9959018d8dc0f7e52f56aa40bad8eb6a.jpg],origin[dam],category[],type[LOOKBOOK],res[m],hmver[1]&call=url[file:/product/style]"
Bead-embellished pencil skirt,"Rs.5,999.00",White,https://www2.hm.com/en_in/productpage.1228342001.html,"https://lp2.hm.com/hmgoepprod?set=source[/d0/4c/d04c54d0f49224d8de2361bea223ea20e3a75927.jpg],origin[dam],category[],type[LOOKBOOK],res[m],hmver[1]&call=url[file:/product/style]"
Jumper,"Rs.1,799.00",Cream/Black striped,https://www2.hm.com/en_in/productpage.1213827002.html,"https://lp2.hm.com/hmgoepprod?set=source[/1f/c3/1fc391a23f43f183eaf302a72d0012efd9440b7e.jpg],origin[dam],category[],type[LOOKBOOK],res[m],hmver[1]&call=url[file:/product/style]"
Lace push-up bra,"Rs.1,299.00",White,https://www2.hm.com/en_in/productpage.1080301031.html,"https://lp2.hm.com/hmgoepprod?set=source[/5a/9c/5a9c2a1659b65e9821a5c9dc2c28156f99139a16.jpg],origin[dam],category[],type[LOOKBOOK],res[m],hmver[1]&call=url[file:/product/style]"
A-line skirt,"Rs.4,999.00",Black,https://www2.hm.com/en_in/productpage.1211686001.html,"https://lp2.hm.com/hmgoepprod?set=source[/ff/47/ff47cbe32d63e2093b21bc93c06bd878bf7cd8b8.jpg],origin[dam],category[],type[LOOKBOOK],res[m],hmver[1]&call=url[file:/product/style]"
Ribbed dress,"Rs.1,999.00",Black,https://www2.hm.com/en_in/productpage.1174465001.html,"https://lp2.hm.com/hmgoepprod?set=source[/26/ef/26efc3572fb5913691944ab5f52f76b55a1b5455.jpg],origin[dam],category[],type[LOOKBOOK],res[m],hmver[1]&call=url[file:/product/style]"
Textured jersey skirt,"Rs.1,299.00",Cream,https://www2.hm.com/en_in/productpage.1220656003.html,"https://lp2.hm.com/hmgoepprod?set=source[/9b/7f/9b7f8f249f8e1bb3bd3e85362cb19bf127d67df6.jpg],origin[dam],category[],type[LOOKBOOK],res[m],hmver[1]&call=url[file:/product/style]"
Denim shirt dress,"Rs.5,999.00",Light denim blue,https://www2.hm.com/en_in/productpage.1225284001.html,"https://lp2.hm.com/hmgoepprod?set=source[/4a/41/4a41ca3c0a1e3a760f7325e716cec47aa7d33a48.jpg],origin[dam],category[],type[LOOKBOOK],res[m],hmver[1]&call=url[file:/product/style]"
MAMA Tailored jersey trousers,"Rs.2,299.00",Black,https://www2.hm.com/en_in/productpage.1116195001.html,"https://lp2.hm.com/hmgoepprod?set=source[/41/f2/41f2fb231862ce92e1d7ff1124f7e1ef686f382c.jpg],origin[dam],category[],type[LOOKBOOK],res[m],hmver[1]&call=url[file:/product/style]"
Bootcut High Jeans,"Rs.2,299.00",White,https://www2.hm.com/en_in/productpage.1198343004.html,"https://lp2.hm.com/hmgoepprod?set=source[/dd/02/dd0257ee22bb937585661fcc9f675e51981c448c.jpg],origin[dam],category[],type[LOOKBOOK],res[m],hmver[3]&call=url[file:/product/style]"
Canvas shopper,Rs.999.00,Black,https://www2.hm.com/en_in/productpage.1211995001.html,"https://lp2.hm.com/hmgoepprod?set=source[/d6/1c/d61ca6fc4635763a3e5cec51059be41f9e85978f.jpg],origin[dam],category[],type[DESCRIPTIVESTILLLIFE],res[m],hmver[2]&call=url[file:/product/style]"
Double-breasted twill trench coat,"Rs.4,999.00",Black,https://www2.hm.com/en_in/productpage.1202758001.html,"https://lp2.hm.com/hmgoepprod?set=source[/c8/12/c81293c96af67b4f582fd2ecd94ef0bc9656c1cf.jpg],origin[dam],category[],type[LOOKBOOK],res[m],hmver[1]&call=url[file:/product/style]"
MAMA Before & After sports tights,"Rs.2,299.00",Black,https://www2.hm.com/en_in/productpage.1223557001.html,"https://lp2.hm.com/hmgoepprod?set=source[/12/93/12933105a93155c871452608e5d4283410269f21.jpg],origin[dam],category[],type[LOOKBOOK],res[m],hmver[1]&call=url[file:/product/style]"
MAMA Cotton jersey skirt,"Rs.1,299.00",Black,https://www2.hm.com/en_in/productpage.1116215001.html,"https://lp2.hm.com/hmgoepprod?set=source[/c7/0e/c70e5b1ce6319798731dca489e2e241914d697b1.jpg],origin[dam],category[],type[LOOKBOOK],res[m],hmver[1]&call=url[file:/product/style]"
Rib-knit trousers,"Rs.2,299.00",Dark grey,https://www2.hm.com/en_in/productpage.0996926008.html,"https://lp2.hm.com/hmgoepprod?set=source[/58/7e/587e1ba9781ea5c1a526bd50d69d910426efd6a0.jpg],origin[dam],category[],type[LOOKBOOK],res[m],hmver[1]&call=url[file:/product/style]"
Cotton boxer-style shorts,"Rs.1,299.00",White/Striped,https://www2.hm.com/en_in/productpage.1224190001.html,"https://lp2.hm.com/hmgoepprod?set=source[/60/79/607957f3ce8f5dda00801bb94e76da5255506fd2.jpg],origin[dam],category[],type[LOOKBOOK],res[m],hmver[1]&call=url[file:/product/style]"
Hooded top,"Rs.1,499.00",Grey,https://www2.hm.com/en_in/productpage.0456163183.html,"https://lp2.hm.com/hmgoepprod?set=source[/2b/cf/2bcf3b7cb0f513f87302213455a22a64d5ebfe0b.jpg],origin[dam],category[],type[LOOKBOOK],res[m],hmver[1]&call=url[file:/product/style]"
Double-breasted blazer,"Rs.3,999.00",Cream,https://www2.hm.com/en_in/productpage.1215794002.html,"https://lp2.hm.com/hmgoepprod?set=source[/19/13/1913bfbf6cf672603a8198c58eb5bc4dda95bebc.jpg],origin[dam],category[],type[LOOKBOOK],res[m],hmver[1]&call=url[file:/product/style]"
MAMA Linen-blend trousers,"Rs.2,699.00",Khaki green,https://www2.hm.com/en_in/productpage.1209799003.html,"https://lp2.hm.com/hmgoepprod?set=source[/38/48/384881507817d39c35e27c0e92f81d0f34266602.jpg],origin[dam],category[],type[LOOKBOOK],res[m],hmver[1]&call=url[file:/product/style]"
Rib-knit trousers,"Rs.2,299.00",Light beige,https://www2.hm.com/en_in/productpage.0996926007.html,"https://lp2.hm.com/hmgoepprod?set=source[/ac/87/ac87849e041ac66af04f5a609fb5cbfc585c593c.jpg],origin[dam],category[],type[LOOKBOOK],res[m],hmver[1]&call=url[file:/product/style]"
Double-breasted trenchcoat,"Rs.3,599.00",Cream,https://www2.hm.com/en_in/productpage.1037529010.html,"https://lp2.hm.com/hmgoepprod?set=source[/3a/f1/3af1c04a30eced26395d2088c0544d2c04a89b26.jpg],origin[dam],category[],type[LOOKBOOK],res[m],hmver[2]&call=url[file:/product/style]"
